Unity Editor version:    2022.3.62f2 (7670c08855a9)
Branch:                  2022.3/respin/2022.3.62f2-4af31df585-v2
Build type:              Release
Batch mode:              YES
macOS version:           Version 14.4 (Build 23E214)
Darwin version:          23.4.0
Architecture:            arm64
Running under Rosetta:   NO
Available memory:        16384 MB
Using pre-set license
Pro License: YES

COMMAND LINE ARGUMENTS:
/Applications/Unity/Hub/Editor/2022.3.62f2/Unity.app/Contents/MacOS/Unity
-adb2
-batchMode
-noUpm
-name
AssetImportWorker1
-projectPath
/Users/owais/Documents/Light-House
-logFile
Logs/AssetImportWorker1.log
-srvPort
49791
Successfully changed project path to: /Users/owais/Documents/Light-House
/Users/owais/Documents/Light-House
[UnityMemory] Configuration Parameters - Can be set up in boot.config
    "memorysetup-bucket-allocator-granularity=16"
    "memorysetup-bucket-allocator-bucket-count=8"
    "memorysetup-bucket-allocator-block-size=33554432"
    "memorysetup-bucket-allocator-block-count=8"
    "memorysetup-main-allocator-block-size=16777216"
    "memorysetup-thread-allocator-block-size=16777216"
    "memorysetup-gfx-main-allocator-block-size=16777216"
    "memorysetup-gfx-thread-allocator-block-size=16777216"
    "memorysetup-cache-allocator-block-size=4194304"
    "memorysetup-typetree-allocator-block-size=2097152"
    "memorysetup-profiler-bucket-allocator-granularity=16"
    "memorysetup-profiler-bucket-allocator-bucket-count=8"
    "memorysetup-profiler-bucket-allocator-block-size=33554432"
    "memorysetup-profiler-bucket-allocator-block-count=8"
    "memorysetup-profiler-allocator-block-size=16777216"
    "memorysetup-profiler-editor-allocator-block-size=1048576"
    "memorysetup-temp-allocator-size-main=16777216"
    "memorysetup-job-temp-allocator-block-size=2097152"
    "memorysetup-job-temp-allocator-block-size-background=1048576"
    "memorysetup-job-temp-allocator-reduction-small-platforms=262144"
    "memorysetup-allocator-temp-initial-block-size-main=262144"
    "memorysetup-allocator-temp-initial-block-size-worker=262144"
    "memorysetup-temp-allocator-size-background-worker=32768"
    "memorysetup-temp-allocator-size-job-worker=262144"
    "memorysetup-temp-allocator-size-preload-manager=33554432"
    "memorysetup-temp-allocator-size-nav-mesh-worker=65536"
    "memorysetup-temp-allocator-size-audio-worker=65536"
    "memorysetup-temp-allocator-size-cloud-worker=32768"
    "memorysetup-temp-allocator-size-gi-baking-worker=262144"
    "memorysetup-temp-allocator-size-gfx=262144"
Player connection [8512387776]  Target information:

Player connection [8512387776]  * "[IP] 192.168.100.6 [Port] 0 [Flags] 2 [Guid] 3560101098 [EditorId] 3560101098 [Version] 1048832 [Id] OSXEditor(0,Owaiss-MacBook-Pro.local) [Debug] 1 [PackageName] OSXEditor [ProjectName] Editor" 

Player connection [8512387776]  * "[IP] 169.254.63.171 [Port] 0 [Flags] 2 [Guid] 3560101098 [EditorId] 3560101098 [Version] 1048832 [Id] OSXEditor(0,Owaiss-MacBook-Pro.local) [Debug] 1 [PackageName] OSXEditor [ProjectName] Editor" 

Player connection [8512387776] Host joined multi-casting on [225.0.0.222:54997]...
Player connection [8512387776] Host joined alternative multi-casting on [225.0.0.222:34997]...
Input System module state changed to: Initialized.
[PhysX] Initialized MultithreadedTaskDispatcher with 10 workers.
Refreshing native plugins compatible for Editor in 1.48 ms, found 2 plugins.
Preloading 0 native plugins for Editor in 0.00 ms.
Initialize engine version: 2022.3.62f2 (7670c08855a9)
[Subsystems] Discovering subsystems at path /Applications/Unity/Hub/Editor/2022.3.62f2/Unity.app/Contents/Resources/UnitySubsystems
[Subsystems] Discovering subsystems at path /Users/owais/Documents/Light-House/Assets
GfxDevice: creating device client; threaded=0; jobified=0
 preferred device: Apple M1 Pro (high power)
Metal devices available: 1
0: Apple M1 Pro (high power)
Using device Apple M1 Pro (high power)
Initializing Metal device caps: Apple M1 Pro
Initialize mono
Mono path[0] = '/Applications/Unity/Hub/Editor/2022.3.62f2/Unity.app/Contents/Managed'
Mono path[1] = '/Applications/Unity/Hub/Editor/2022.3.62f2/Unity.app/Contents/MonoBleedingEdge/lib/mono/unityjit-macos'
Mono config path = '/Applications/Unity/Hub/Editor/2022.3.62f2/Unity.app/Contents/MonoBleedingEdge/etc'
Using monoOptions --debugger-agent=transport=dt_socket,embedding=1,server=y,suspend=n,address=127.0.0.1:56666
Begin MonoManager ReloadAssembly
Registering precompiled unity dll's ...
Register platform support module: /Applications/Unity/Hub/Editor/2022.3.62f2/PlaybackEngines/WebGLSupport/UnityEditor.WebGL.Extensions.dll
Register platform support module: /Applications/Unity/Hub/Editor/2022.3.62f2/Unity.app/Contents/PlaybackEngines/MacStandaloneSupport/UnityEditor.OSXStandalone.Extensions.dll
Register platform support module: /Applications/Unity/Hub/Editor/2022.3.62f2/PlaybackEngines/AndroidPlayer/UnityEditor.Android.Extensions.dll
Register platform support module: /Applications/Unity/Hub/Editor/2022.3.62f2/PlaybackEngines/iOSSupport/UnityEditor.iOS.Extensions.dll
Registered in 0.001780 seconds.
- Loaded All Assemblies, in  0.200 seconds
[usbmuxd] Start listen thread
[usbmuxd] Listen thread started
[usbmuxd] Send listen message
Native extension for iOS target not found
[usbmuxd] Attached: 2 00008101-001A41003AB9001E
Native extension for Android target not found
Android Extension - Scanning For ADB Devices 71 ms
Native extension for OSXStandalone target not found
Native extension for WebGL target not found
Mono: successfully reloaded assembly
- Finished resetting the current domain, in  0.303 seconds
Domain Reload Profiling: 504ms
	BeginReloadAssembly (42ms)
		ExecutionOrderSort (0ms)
		DisableScriptedObjects (0ms)
		BackupInstance (0ms)
		ReleaseScriptingObjects (0ms)
		CreateAndSetChildDomain (0ms)
	RebuildCommonClasses (24ms)
	RebuildNativeTypeToScriptingClass (8ms)
	initialDomainReloadingComplete (28ms)
	LoadAllAssembliesAndSetupDomain (98ms)
		LoadAssemblies (42ms)
		RebuildTransferFunctionScriptingTraits (0ms)
		AnalyzeDomain (96ms)
			TypeCache.Refresh (95ms)
				TypeCache.ScanAssembly (86ms)
			ScanForSourceGeneratedMonoScriptInfo (0ms)
			ResolveRequiredComponents (0ms)
	FinalizeReload (304ms)
		ReleaseScriptCaches (0ms)
		RebuildScriptCaches (0ms)
		SetupLoadedEditorAssemblies (274ms)
			LogAssemblyErrors (0ms)
			InitializePlatformSupportModulesInManaged (183ms)
			SetLoadedEditorAssemblies (3ms)
			RefreshPlugins (0ms)
			BeforeProcessingInitializeOnLoad (1ms)
			ProcessInitializeOnLoadAttributes (63ms)
			ProcessInitializeOnLoadMethodAttributes (24ms)
			AfterProcessingInitializeOnLoad (0ms)
			EditorAssembliesLoaded (0ms)
		ExecutionOrderSort2 (0ms)
		AwakeInstancesAfterBackupRestoration (0ms)
========================================================================
Worker process is ready to serve import requests
Caller must complete domain reload
Begin MonoManager ReloadAssembly
- Loaded All Assemblies, in  0.249 seconds
Native extension for iOS target not found
Native extension for Android target not found
Native extension for OSXStandalone target not found
Native extension for WebGL target not found
Mono: successfully reloaded assembly
- Finished resetting the current domain, in  0.352 seconds
Domain Reload Profiling: 601ms
	BeginReloadAssembly (77ms)
		ExecutionOrderSort (0ms)
		DisableScriptedObjects (3ms)
		BackupInstance (0ms)
		ReleaseScriptingObjects (0ms)
		CreateAndSetChildDomain (21ms)
	RebuildCommonClasses (23ms)
	RebuildNativeTypeToScriptingClass (8ms)
	initialDomainReloadingComplete (21ms)
	LoadAllAssembliesAndSetupDomain (121ms)
		LoadAssemblies (93ms)
		RebuildTransferFunctionScriptingTraits (0ms)
		AnalyzeDomain (62ms)
			TypeCache.Refresh (55ms)
				TypeCache.ScanAssembly (44ms)
			ScanForSourceGeneratedMonoScriptInfo (4ms)
			ResolveRequiredComponents (2ms)
	FinalizeReload (352ms)
		ReleaseScriptCaches (0ms)
		RebuildScriptCaches (0ms)
		SetupLoadedEditorAssemblies (244ms)
			LogAssemblyErrors (0ms)
			InitializePlatformSupportModulesInManaged (18ms)
			SetLoadedEditorAssemblies (3ms)
			RefreshPlugins (0ms)
			BeforeProcessingInitializeOnLoad (28ms)
			ProcessInitializeOnLoadAttributes (183ms)
			ProcessInitializeOnLoadMethodAttributes (13ms)
			AfterProcessingInitializeOnLoad (1ms)
			EditorAssembliesLoaded (0ms)
		ExecutionOrderSort2 (0ms)
		AwakeInstancesAfterBackupRestoration (2ms)
Launching external process: /Applications/Unity/Hub/Editor/2022.3.62f2/Unity.app/Contents/Tools/UnityShaderCompiler
Launched and connected shader compiler UnityShaderCompiler after 0.03 seconds
Refreshing native plugins compatible for Editor in 0.38 ms, found 2 plugins.
Preloading 0 native plugins for Editor in 0.00 ms.
Unloading 1605 Unused Serialized files (Serialized files now loaded: 0)
Unloading 26 unused Assets / (2.0 MB). Loaded Objects now: 2076.
Memory consumption went from 110.8 MB to 108.8 MB.
Total: 2.473417 ms (FindLiveObjects: 0.063375 ms CreateObjectMapping: 0.021417 ms MarkObjects: 2.050292 ms  DeleteObjects: 0.337667 ms)

AssetImportParameters requested are different than current active one (requested -> active):
  custom:video-decoder-webm-vp8: 9c59270c3fd7afecdb556c50c9e8de78 -> 
  custom:SearchIndexIgnoredProperties: e643bd26f0fe6173181afceb89e7c659 -> 
  custom:container-demuxer-ogg: 62fdf1f143b41e24485cea50d1cbac27 -> 
  custom:AudioImporter_EditorPlatform: 3918e3fc78b5a79bad01e8451be0beb8 -> 
  custom:video-decoder-ogg-theora: a1e56fd34408186e4bbccfd4996cb3dc -> 
  custom:framework-osx-AVFoundation: e770b220cccbd017edd2c1fefb359320 -> 
  custom:video-encoder-webm-vp8: eb34c28f22e8b96e1ab97ce403110664 -> 
  custom:audio-decoder-ogg-vorbis: bf7c407c2cedff20999df2af8eb42d56 -> 
  custom:CustomObjectIndexerAttribute: 9a22284fe3817be447336de3de66b15e -> 
  custom:container-demuxer-webm: 4f35f7cbe854078d1ac9338744f61a02 -> 
  custom:audio-encoder-webm-vorbis: bf7c407c2cedff20999df2af8eb42d56 -> 
  custom:container-muxer-webm: aa71ff27fc2769a1b78a27578f13a17b -> 
========================================================================
Received Import Request.
  Time since last request: 3139.541278 seconds.
  path: Assets/ExampleAssets/Shaders/Paint1G_WAnim_Shader.ShaderGraph
  artifactKey: Guid(5e5eca56e1993e741b41ac9c687d01a5) Importer(2089858483,0ecaa5967403d082aa24f35e1b516d23)
Start importing Assets/ExampleAssets/Shaders/Paint1G_WAnim_Shader.ShaderGraph using Guid(5e5eca56e1993e741b41ac9c687d01a5) Importer(2089858483,0ecaa5967403d082aa24f35e1b516d23) [PhysX] Initialized MultithreadedTaskDispatcher with 10 workers.
 -> (artifact id: '2d690366a33d2ec115c1fdf99156ca72') in 0.031172 seconds
Number of updated asset objects reloaded before import = 0
Number of asset objects unloaded after import = 1
========================================================================
Received Import Request.
  Time since last request: 0.000111 seconds.
  path: Assets/Material/LaserBeam.cs
  artifactKey: Guid(e831556db3ebbb8409d69ae8b874bf66) Importer(2089858483,0ecaa5967403d082aa24f35e1b516d23)
Start importing Assets/Material/LaserBeam.cs using Guid(e831556db3ebbb8409d69ae8b874bf66) Importer(2089858483,0ecaa5967403d082aa24f35e1b516d23) [PhysX] Initialized MultithreadedTaskDispatcher with 10 workers.
 -> (artifact id: '71e21bcc3b70419753af7f2dd07cb1d2') in 0.016476 seconds
Number of updated asset objects reloaded before import = 0
Number of asset objects unloaded after import = 1
========================================================================
Received Import Request.
  Time since last request: 0.000128 seconds.
  path: Assets/ExampleAssets/Prefabs/Paint Supplies.prefab
  artifactKey: Guid(283e6530a665e4513959d1cd4883682f) Importer(2089858483,0ecaa5967403d082aa24f35e1b516d23)
Start importing Assets/ExampleAssets/Prefabs/Paint Supplies.prefab using Guid(283e6530a665e4513959d1cd4883682f) Importer(2089858483,0ecaa5967403d082aa24f35e1b516d23) [PhysX] Initialized MultithreadedTaskDispatcher with 10 workers.
 -> (artifact id: '97b1c5c14eea694f576f7ece4159693c') in 0.009861 seconds
Number of updated asset objects reloaded before import = 0
Number of asset objects unloaded after import = 24
========================================================================
Received Import Request.
  Time since last request: 0.000048 seconds.
  path: Assets/ExampleAssets/Materials/HardHat_Mat.mat
  artifactKey: Guid(e93789f0a5d66df4a81613935579642b) Importer(2089858483,0ecaa5967403d082aa24f35e1b516d23)
Start importing Assets/ExampleAssets/Materials/HardHat_Mat.mat using Guid(e93789f0a5d66df4a81613935579642b) Importer(2089858483,0ecaa5967403d082aa24f35e1b516d23) [PhysX] Initialized MultithreadedTaskDispatcher with 10 workers.
 -> (artifact id: '3c1b80015d31b990ff89d8360e5cb59d') in 0.008073 seconds
Number of updated asset objects reloaded before import = 0
Number of asset objects unloaded after import = 1
========================================================================
Received Import Request.
  Time since last request: 0.000102 seconds.
  path: Assets/Game/DroneANimation.controller
  artifactKey: Guid(d882fcbc4e23f5b49ae7282ecad8518e) Importer(2089858483,0ecaa5967403d082aa24f35e1b516d23)
Start importing Assets/Game/DroneANimation.controller using Guid(d882fcbc4e23f5b49ae7282ecad8518e) Importer(2089858483,0ecaa5967403d082aa24f35e1b516d23) [PhysX] Initialized MultithreadedTaskDispatcher with 10 workers.
 -> (artifact id: '068d7c7e9c93f7ee73c687a5c18e4df4') in 0.003687 seconds
Number of updated asset objects reloaded before import = 0
Number of asset objects unloaded after import = 4
========================================================================
Received Import Request.
  Time since last request: 0.000049 seconds.
  path: Assets/ExampleAssets/Materials/Plastic_Yellow_Mat.mat
  artifactKey: Guid(bd2d742ee2ce7a740ae0cf992a38be74) Importer(2089858483,0ecaa5967403d082aa24f35e1b516d23)
Start importing Assets/ExampleAssets/Materials/Plastic_Yellow_Mat.mat using Guid(bd2d742ee2ce7a740ae0cf992a38be74) Importer(2089858483,0ecaa5967403d082aa24f35e1b516d23) [PhysX] Initialized MultithreadedTaskDispatcher with 10 workers.
 -> (artifact id: '9061b94a1be2e0439cf7fbbf1306716e') in 0.002584 seconds
Number of updated asset objects reloaded before import = 0
Number of asset objects unloaded after import = 1
========================================================================
Received Import Request.
  Time since last request: 0.000132 seconds.
  path: Assets/Game/ENv/Env_Textures_gre.jpg
  artifactKey: Guid(3f57e392f52372a4f80942d7b06f190b) Importer(2089858483,0ecaa5967403d082aa24f35e1b516d23)
Start importing Assets/Game/ENv/Env_Textures_gre.jpg using Guid(3f57e392f52372a4f80942d7b06f190b) Importer(2089858483,0ecaa5967403d082aa24f35e1b516d23) [PhysX] Initialized MultithreadedTaskDispatcher with 10 workers.
 -> (artifact id: '45525a3c2792dc1ae8dec6a188ef377a') in 0.030593 seconds
Number of updated asset objects reloaded before import = 0
Number of asset objects unloaded after import = 1
========================================================================
Received Import Request.
  Time since last request: 0.000140 seconds.
  path: Assets/ExampleAssets/Materials/OBS_Mat.mat
  artifactKey: Guid(c438e5c679f1be040a135443008e2fce) Importer(2089858483,0ecaa5967403d082aa24f35e1b516d23)
Start importing Assets/ExampleAssets/Materials/OBS_Mat.mat using Guid(c438e5c679f1be040a135443008e2fce) Importer(2089858483,0ecaa5967403d082aa24f35e1b516d23) [PhysX] Initialized MultithreadedTaskDispatcher with 10 workers.
 -> (artifact id: '40b2e946199896b4d0c69c7dfcbb2641') in 0.002448 seconds
Number of updated asset objects reloaded before import = 0
Number of asset objects unloaded after import = 1
========================================================================
Received Import Request.
  Time since last request: 0.000130 seconds.
  path: Assets/Game/ENv/Drone_1.fbx
  artifactKey: Guid(047017f052efbf34aab93371af642a47) Importer(2089858483,0ecaa5967403d082aa24f35e1b516d23)
Start importing Assets/Game/ENv/Drone_1.fbx using Guid(047017f052efbf34aab93371af642a47) Importer(2089858483,0ecaa5967403d082aa24f35e1b516d23) [PhysX] Initialized MultithreadedTaskDispatcher with 10 workers.
 -> (artifact id: 'e2df4344e70f6920a300e38193599a77') in 0.038114 seconds
Number of updated asset objects reloaded before import = 0
Number of asset objects unloaded after import = 32
========================================================================
Received Import Request.
  Time since last request: 0.000039 seconds.
  path: Assets/ExampleAssets/Models/ConstructionLight_Low.fbx
  artifactKey: Guid(e3ae06a3979f53046aa05330d69de1fa) Importer(2089858483,0ecaa5967403d082aa24f35e1b516d23)
Start importing Assets/ExampleAssets/Models/ConstructionLight_Low.fbx using Guid(e3ae06a3979f53046aa05330d69de1fa) Importer(2089858483,0ecaa5967403d082aa24f35e1b516d23) [PhysX] Initialized MultithreadedTaskDispatcher with 10 workers.
 -> (artifact id: '020f7d9cdaef887fdb3233543a31adce') in 0.016154 seconds
Number of updated asset objects reloaded before import = 0
Number of asset objects unloaded after import = 22
========================================================================
Received Import Request.
  Time since last request: 0.000036 seconds.
  path: Assets/ExampleAssets/Models/Workbench.fbx
  artifactKey: Guid(efe9381559c516743bd05cef82f39ebb) Importer(2089858483,0ecaa5967403d082aa24f35e1b516d23)
Start importing Assets/ExampleAssets/Models/Workbench.fbx using Guid(efe9381559c516743bd05cef82f39ebb) Importer(2089858483,0ecaa5967403d082aa24f35e1b516d23) [PhysX] Initialized MultithreadedTaskDispatcher with 10 workers.
 -> (artifact id: '878be73be154707552ec52b0b81be22b') in 0.020223 seconds
Number of updated asset objects reloaded before import = 0
Number of asset objects unloaded after import = 35
========================================================================
Received Import Request.
  Time since last request: 0.000037 seconds.
  path: Assets/Settings/UniversalRP-LowQuality.asset
  artifactKey: Guid(a31e9f9f9c9d4b9429ed0d1234e22103) Importer(2089858483,0ecaa5967403d082aa24f35e1b516d23)
Start importing Assets/Settings/UniversalRP-LowQuality.asset using Guid(a31e9f9f9c9d4b9429ed0d1234e22103) Importer(2089858483,0ecaa5967403d082aa24f35e1b516d23) [PhysX] Initialized MultithreadedTaskDispatcher with 10 workers.
 -> (artifact id: '1c8fa9b44620aa732cf9e3ce3dd9786e') in 0.001699 seconds
Number of updated asset objects reloaded before import = 0
Number of asset objects unloaded after import = 1
========================================================================
Received Import Request.
  Time since last request: 0.000077 seconds.
  path: Assets/ExampleAssets/Materials/LightBulb_Mat.mat
  artifactKey: Guid(ec739259ec61f5d4ba3ed6d34fd802a6) Importer(2089858483,0ecaa5967403d082aa24f35e1b516d23)
Start importing Assets/ExampleAssets/Materials/LightBulb_Mat.mat using Guid(ec739259ec61f5d4ba3ed6d34fd802a6) Importer(2089858483,0ecaa5967403d082aa24f35e1b516d23) [PhysX] Initialized MultithreadedTaskDispatcher with 10 workers.
 -> (artifact id: '39b5fa2baa1aa84f0989d4e07e0ddbdd') in 0.002248 seconds
Number of updated asset objects reloaded before import = 0
Number of asset objects unloaded after import = 1
========================================================================
Received Import Request.
  Time since last request: 0.000093 seconds.
  path: Assets/ExampleAssets/Prefabs/Props.prefab
  artifactKey: Guid(85dfab9623c67784fa7894de63cd1604) Importer(2089858483,0ecaa5967403d082aa24f35e1b516d23)
Start importing Assets/ExampleAssets/Prefabs/Props.prefab using Guid(85dfab9623c67784fa7894de63cd1604) Importer(2089858483,0ecaa5967403d082aa24f35e1b516d23) [PhysX] Initialized MultithreadedTaskDispatcher with 10 workers.
 -> (artifact id: '2d0a0fcbc2f0e54e3037a99a3c60353b') in 0.007214 seconds
Number of updated asset objects reloaded before import = 0
Number of asset objects unloaded after import = 135
========================================================================
Received Import Request.
  Time since last request: 0.000042 seconds.
  path: Assets/ExampleAssets/Materials/ConstructionLight_Mat.mat
  artifactKey: Guid(49076442eeb7e054b8e8869f8b40656d) Importer(2089858483,0ecaa5967403d082aa24f35e1b516d23)
Start importing Assets/ExampleAssets/Materials/ConstructionLight_Mat.mat using Guid(49076442eeb7e054b8e8869f8b40656d) Importer(2089858483,0ecaa5967403d082aa24f35e1b516d23) [PhysX] Initialized MultithreadedTaskDispatcher with 10 workers.
 -> (artifact id: 'a2a4a52340a248e74eea4de9967254de') in 0.002694 seconds
Number of updated asset objects reloaded before import = 0
Number of asset objects unloaded after import = 1
========================================================================
Received Import Request.
  Time since last request: 0.000102 seconds.
  path: Assets/Game/Scripts/ExplosiveBarrelManager.cs
  artifactKey: Guid(81716674f548f6c468779e3c02ae687b) Importer(2089858483,0ecaa5967403d082aa24f35e1b516d23)
Start importing Assets/Game/Scripts/ExplosiveBarrelManager.cs using Guid(81716674f548f6c468779e3c02ae687b) Importer(2089858483,0ecaa5967403d082aa24f35e1b516d23) [PhysX] Initialized MultithreadedTaskDispatcher with 10 workers.
 -> (artifact id: '17bbdd44c2ab18a9283b997305ad6062') in 0.003426 seconds
Number of updated asset objects reloaded before import = 0
Number of asset objects unloaded after import = 1
========================================================================
Received Import Request.
  Time since last request: 0.000074 seconds.
  path: Assets/ExampleAssets/Models/safetygoggles_low.fbx
  artifactKey: Guid(6296e48663fd7ad46b1a2af507f871cf) Importer(2089858483,0ecaa5967403d082aa24f35e1b516d23)
Start importing Assets/ExampleAssets/Models/safetygoggles_low.fbx using Guid(6296e48663fd7ad46b1a2af507f871cf) Importer(2089858483,0ecaa5967403d082aa24f35e1b516d23) [PhysX] Initialized MultithreadedTaskDispatcher with 10 workers.
 -> (artifact id: '6ec32f78d6f40f29ce9c6068533e9120') in 0.084750 seconds
Number of updated asset objects reloaded before import = 0
Number of asset objects unloaded after import = 11
========================================================================
Received Import Request.
  Time since last request: 0.000036 seconds.
  path: Assets/ExampleAssets/Models/Workshop_Set.fbx
  artifactKey: Guid(47616bd0cda748d4cbedcfc908506b9d) Importer(2089858483,0ecaa5967403d082aa24f35e1b516d23)
Start importing Assets/ExampleAssets/Models/Workshop_Set.fbx using Guid(47616bd0cda748d4cbedcfc908506b9d) Importer(2089858483,0ecaa5967403d082aa24f35e1b516d23) [PhysX] Initialized MultithreadedTaskDispatcher with 10 workers.
 -> (artifact id: '12ffd99c667c93b8480b9ce63ea43873') in 0.019764 seconds
Number of updated asset objects reloaded before import = 0
Number of asset objects unloaded after import = 35
========================================================================
Received Import Request.
  Time since last request: 0.000047 seconds.
  path: Assets/ExampleAssets/Textures/Concrete/Ground_Normal.tif
  artifactKey: Guid(fab85e0cacda9644a99e5182a86b71f5) Importer(2089858483,0ecaa5967403d082aa24f35e1b516d23)
Start importing Assets/ExampleAssets/Textures/Concrete/Ground_Normal.tif using Guid(fab85e0cacda9644a99e5182a86b71f5) Importer(2089858483,0ecaa5967403d082aa24f35e1b516d23) [PhysX] Initialized MultithreadedTaskDispatcher with 10 workers.
 -> (artifact id: 'b0ad1457ffa484ae5932152b37ded991') in 0.007504 seconds
Number of updated asset objects reloaded before import = 0
Number of asset objects unloaded after import = 1
========================================================================
Received Import Request.
  Time since last request: 0.000085 seconds.
  path: Assets/ExampleAssets/Materials/Metal_Blue_Simple_Mat.mat
  artifactKey: Guid(cd71291c91c8cce499cb663b5db9970e) Importer(2089858483,0ecaa5967403d082aa24f35e1b516d23)
Start importing Assets/ExampleAssets/Materials/Metal_Blue_Simple_Mat.mat using Guid(cd71291c91c8cce499cb663b5db9970e) Importer(2089858483,0ecaa5967403d082aa24f35e1b516d23) [PhysX] Initialized MultithreadedTaskDispatcher with 10 workers.
 -> (artifact id: '5d9a4b99a5adc47d27846aedeb697cea') in 0.002394 seconds
Number of updated asset objects reloaded before import = 0
Number of asset objects unloaded after import = 1
========================================================================
Received Import Request.
  Time since last request: 0.000168 seconds.
  path: Assets/ExampleAssets/Materials/DryWall_Mat.mat
  artifactKey: Guid(a68228c24abfa2f4b8954d7b0148f799) Importer(2089858483,0ecaa5967403d082aa24f35e1b516d23)
Start importing Assets/ExampleAssets/Materials/DryWall_Mat.mat using Guid(a68228c24abfa2f4b8954d7b0148f799) Importer(2089858483,0ecaa5967403d082aa24f35e1b516d23) [PhysX] Initialized MultithreadedTaskDispatcher with 10 workers.
 -> (artifact id: 'd5a6c109ba63020f1635de5ffbad1c89') in 0.003548 seconds
Number of updated asset objects reloaded before import = 0
Number of asset objects unloaded after import = 1
========================================================================
Received Import Request.
  Time since last request: 0.000072 seconds.
  path: Assets/ExampleAssets/Textures/Props/HardHat/SafetyHat_MetallicOcculusionSmoothness.tif
  artifactKey: Guid(6f61f8dd4499250438f1aa39448e860a) Importer(2089858483,0ecaa5967403d082aa24f35e1b516d23)
Start importing Assets/ExampleAssets/Textures/Props/HardHat/SafetyHat_MetallicOcculusionSmoothness.tif using Guid(6f61f8dd4499250438f1aa39448e860a) Importer(2089858483,0ecaa5967403d082aa24f35e1b516d23) [PhysX] Initialized MultithreadedTaskDispatcher with 10 workers.
 -> (artifact id: '6def5cf5512f07d9e186c7f7bcc03274') in 0.008007 seconds
Number of updated asset objects reloaded before import = 0
Number of asset objects unloaded after import = 1
========================================================================
Received Import Request.
  Time since last request: 0.000132 seconds.
  path: Assets/ExampleAssets/Prefabs/Workshop Set.prefab
  artifactKey: Guid(a87f0180d46fd334b9025d0314a0dc70) Importer(2089858483,0ecaa5967403d082aa24f35e1b516d23)
Start importing Assets/ExampleAssets/Prefabs/Workshop Set.prefab using Guid(a87f0180d46fd334b9025d0314a0dc70) Importer(2089858483,0ecaa5967403d082aa24f35e1b516d23) [PhysX] Initialized MultithreadedTaskDispatcher with 10 workers.
 -> (artifact id: '7e7a5d6082b4700507a2114beedd2fce') in 0.003940 seconds
Number of updated asset objects reloaded before import = 0
Number of asset objects unloaded after import = 30
========================================================================
Received Import Request.
  Time since last request: 0.000072 seconds.
  path: Assets/ExampleAssets/Materials/Plastic_Ridges_Mat.mat
  artifactKey: Guid(c05de7c865075334786e6a47a543af72) Importer(2089858483,0ecaa5967403d082aa24f35e1b516d23)
Start importing Assets/ExampleAssets/Materials/Plastic_Ridges_Mat.mat using Guid(c05de7c865075334786e6a47a543af72) Importer(2089858483,0ecaa5967403d082aa24f35e1b516d23) [PhysX] Initialized MultithreadedTaskDispatcher with 10 workers.
 -> (artifact id: '40931a12da6d5cfe646cb7af4bcc678f') in 0.002331 seconds
Number of updated asset objects reloaded before import = 0
Number of asset objects unloaded after import = 1
========================================================================
Received Import Request.
  Time since last request: 0.000072 seconds.
  path: Assets/ExampleAssets/Textures/Plastic/PlasticRough_MetallicOcculusionSmoothness.tif
  artifactKey: Guid(ee7680f1374ab4449b6d5f6b2c2c1936) Importer(2089858483,0ecaa5967403d082aa24f35e1b516d23)
Start importing Assets/ExampleAssets/Textures/Plastic/PlasticRough_MetallicOcculusionSmoothness.tif using Guid(ee7680f1374ab4449b6d5f6b2c2c1936) Importer(2089858483,0ecaa5967403d082aa24f35e1b516d23) [PhysX] Initialized MultithreadedTaskDispatcher with 10 workers.
 -> (artifact id: '1a49b1e9b7dc7fb695519079c41fd724') in 0.009280 seconds
Number of updated asset objects reloaded before import = 0
Number of asset objects unloaded after import = 1
========================================================================
Received Import Request.
  Time since last request: 0.000110 seconds.
  path: Assets/Game/Scripts/Camera/CameraController.cs
  artifactKey: Guid(6ff1d4c052542e84982bb0f9c74ea376) Importer(2089858483,0ecaa5967403d082aa24f35e1b516d23)
Start importing Assets/Game/Scripts/Camera/CameraController.cs using Guid(6ff1d4c052542e84982bb0f9c74ea376) Importer(2089858483,0ecaa5967403d082aa24f35e1b516d23) [PhysX] Initialized MultithreadedTaskDispatcher with 10 workers.
 -> (artifact id: 'e482adda3b9a073cad594f5d01613064') in 0.002261 seconds
Number of updated asset objects reloaded before import = 0
Number of asset objects unloaded after import = 1
========================================================================
Received Import Request.
  Time since last request: 0.000085 seconds.
  path: Assets/Materials/Skybox_Mat.mat
  artifactKey: Guid(0ffaa0b7117ba8c47a9d05ae701d4b4d) Importer(2089858483,0ecaa5967403d082aa24f35e1b516d23)
Start importing Assets/Materials/Skybox_Mat.mat using Guid(0ffaa0b7117ba8c47a9d05ae701d4b4d) Importer(2089858483,0ecaa5967403d082aa24f35e1b516d23) [PhysX] Initialized MultithreadedTaskDispatcher with 10 workers.
 -> (artifact id: 'f83f03963be2d1adbfb25a0893ec6cbe') in 0.003317 seconds
Number of updated asset objects reloaded before import = 0
Number of asset objects unloaded after import = 1
========================================================================
Received Import Request.
  Time since last request: 0.000083 seconds.
  path: Assets/ExampleAssets/Materials/PaintLabel_Mat.mat
  artifactKey: Guid(3da4aad06945bbf4baf801c2aacbc01e) Importer(2089858483,0ecaa5967403d082aa24f35e1b516d23)
Start importing Assets/ExampleAssets/Materials/PaintLabel_Mat.mat using Guid(3da4aad06945bbf4baf801c2aacbc01e) Importer(2089858483,0ecaa5967403d082aa24f35e1b516d23) [PhysX] Initialized MultithreadedTaskDispatcher with 10 workers.
 -> (artifact id: '2bc7fc43f2a66e17cfdb210b8b2315ef') in 0.002285 seconds
Number of updated asset objects reloaded before import = 0
Number of asset objects unloaded after import = 1
========================================================================
Received Import Request.
  Time since last request: 0.000055 seconds.
  path: Assets/ExampleAssets/Textures/Wood/OBS_Albedo.tif
  artifactKey: Guid(7140a9bc83a12ea49a081dda89216fff) Importer(2089858483,0ecaa5967403d082aa24f35e1b516d23)
Start importing Assets/ExampleAssets/Textures/Wood/OBS_Albedo.tif using Guid(7140a9bc83a12ea49a081dda89216fff) Importer(2089858483,0ecaa5967403d082aa24f35e1b516d23) [PhysX] Initialized MultithreadedTaskDispatcher with 10 workers.
 -> (artifact id: '97158b689dace9f5cfcf3532c2c2c15c') in 0.008386 seconds
Number of updated asset objects reloaded before import = 0
Number of asset objects unloaded after import = 1
========================================================================
Received Import Request.
  Time since last request: 0.000060 seconds.
  path: Assets/ExampleAssets/Textures/Props/Hammer/Hammer_Albedo.tif
  artifactKey: Guid(59c8de363dc14c54986d0751c2c38342) Importer(2089858483,0ecaa5967403d082aa24f35e1b516d23)
Start importing Assets/ExampleAssets/Textures/Props/Hammer/Hammer_Albedo.tif using Guid(59c8de363dc14c54986d0751c2c38342) Importer(2089858483,0ecaa5967403d082aa24f35e1b516d23) [PhysX] Initialized MultithreadedTaskDispatcher with 10 workers.
 -> (artifact id: 'dfa549deffe8d39f002e4e8cf2f6752d') in 0.007473 seconds
Number of updated asset objects reloaded before import = 0
Number of asset objects unloaded after import = 1
========================================================================
Received Import Request.
  Time since last request: 0.000093 seconds.
  path: Assets/ExampleAssets/Textures/Wood/OBS_MetallicOcculusionSmoothness.tif
  artifactKey: Guid(22638a9216f1ebf4cb43273a00879f51) Importer(2089858483,0ecaa5967403d082aa24f35e1b516d23)
Start importing Assets/ExampleAssets/Textures/Wood/OBS_MetallicOcculusionSmoothness.tif using Guid(22638a9216f1ebf4cb43273a00879f51) Importer(2089858483,0ecaa5967403d082aa24f35e1b516d23) [PhysX] Initialized MultithreadedTaskDispatcher with 10 workers.
 -> (artifact id: '40b6e480228b108496118bc59464c7f0') in 0.009295 seconds
Number of updated asset objects reloaded before import = 0
Number of asset objects unloaded after import = 1
========================================================================
Received Import Request.
  Time since last request: 0.000063 seconds.
  path: Assets/ExampleAssets/Textures/Props/Hammer/Hammer_Normal.tif
  artifactKey: Guid(c517a9b1527aec343806327b47ad22df) Importer(2089858483,0ecaa5967403d082aa24f35e1b516d23)
Start importing Assets/ExampleAssets/Textures/Props/Hammer/Hammer_Normal.tif using Guid(c517a9b1527aec343806327b47ad22df) Importer(2089858483,0ecaa5967403d082aa24f35e1b516d23) [PhysX] Initialized MultithreadedTaskDispatcher with 10 workers.
 -> (artifact id: '87d4d2df4f3a7158a6a7d1b5d3dd701b') in 0.009162 seconds
Number of updated asset objects reloaded before import = 0
Number of asset objects unloaded after import = 1
========================================================================
Received Import Request.
  Time since last request: 0.000094 seconds.
  path: Assets/ExampleAssets/Textures/Plastic/Elastic_Normal.tif
  artifactKey: Guid(db17334dfe5991a4bbe241ee9a728c38) Importer(2089858483,0ecaa5967403d082aa24f35e1b516d23)
Start importing Assets/ExampleAssets/Textures/Plastic/Elastic_Normal.tif using Guid(db17334dfe5991a4bbe241ee9a728c38) Importer(2089858483,0ecaa5967403d082aa24f35e1b516d23) [PhysX] Initialized MultithreadedTaskDispatcher with 10 workers.
 -> (artifact id: 'a28960b942cf186841b66858908793a0') in 0.007271 seconds
Number of updated asset objects reloaded before import = 0
Number of asset objects unloaded after import = 1
========================================================================
Received Import Request.
  Time since last request: 0.000063 seconds.
  path: Assets/ExampleAssets/Textures/Plastic/PlasticRidges_Normal.tif
  artifactKey: Guid(c021d051fa0cba84282b4a2577aa85c5) Importer(2089858483,0ecaa5967403d082aa24f35e1b516d23)
Start importing Assets/ExampleAssets/Textures/Plastic/PlasticRidges_Normal.tif using Guid(c021d051fa0cba84282b4a2577aa85c5) Importer(2089858483,0ecaa5967403d082aa24f35e1b516d23) [PhysX] Initialized MultithreadedTaskDispatcher with 10 workers.
 -> (artifact id: 'd87d9ca16be2728d9a474a767d477dcf') in 0.009016 seconds
Number of updated asset objects reloaded before import = 0
Number of asset objects unloaded after import = 1
========================================================================
Received Import Request.
  Time since last request: 0.000103 seconds.
  path: Assets/Game/ScreenTouch.cs
  artifactKey: Guid(6b8ced23dbbef304f8b3e0582c74bd37) Importer(2089858483,0ecaa5967403d082aa24f35e1b516d23)
Start importing Assets/Game/ScreenTouch.cs using Guid(6b8ced23dbbef304f8b3e0582c74bd37) Importer(2089858483,0ecaa5967403d082aa24f35e1b516d23) [PhysX] Initialized MultithreadedTaskDispatcher with 10 workers.
 -> (artifact id: 'def9ffe6a1970f9aa278de00ea87c661') in 0.002225 seconds
Number of updated asset objects reloaded before import = 0
Number of asset objects unloaded after import = 1
========================================================================
Received Import Request.
  Time since last request: 0.000119 seconds.
  path: Assets/ExampleAssets/Materials/Liquid_Mat.mat
  artifactKey: Guid(c532880e607f8c84d8b9bf0c46a522ad) Importer(2089858483,0ecaa5967403d082aa24f35e1b516d23)
Start importing Assets/ExampleAssets/Materials/Liquid_Mat.mat using Guid(c532880e607f8c84d8b9bf0c46a522ad) Importer(2089858483,0ecaa5967403d082aa24f35e1b516d23) [PhysX] Initialized MultithreadedTaskDispatcher with 10 workers.
 -> (artifact id: '7d2392365913e3d5314a3099fdd3fcae') in 0.003433 seconds
Number of updated asset objects reloaded before import = 0
Number of asset objects unloaded after import = 1
========================================================================
Received Import Request.
  Time since last request: 0.000080 seconds.
  path: Assets/ExampleAssets/Models/hammer_low.fbx
  artifactKey: Guid(68a66fb5a71f8204a8dcb613c97d1fa8) Importer(2089858483,0ecaa5967403d082aa24f35e1b516d23)
Start importing Assets/ExampleAssets/Models/hammer_low.fbx using Guid(68a66fb5a71f8204a8dcb613c97d1fa8) Importer(2089858483,0ecaa5967403d082aa24f35e1b516d23) [PhysX] Initialized MultithreadedTaskDispatcher with 10 workers.
 -> (artifact id: 'e45bc439e0e0d6b1401fb98d8bbbab12') in 0.008979 seconds
Number of updated asset objects reloaded before import = 0
Number of asset objects unloaded after import = 8
========================================================================
Received Import Request.
  Time since last request: 0.000074 seconds.
  path: Assets/Game/Scripts/HealthBarShaderMesh_01.shader
  artifactKey: Guid(e2c40df12beed4741be238fb9b3c2f3b) Importer(2089858483,0ecaa5967403d082aa24f35e1b516d23)
Start importing Assets/Game/Scripts/HealthBarShaderMesh_01.shader using Guid(e2c40df12beed4741be238fb9b3c2f3b) Importer(2089858483,0ecaa5967403d082aa24f35e1b516d23) [PhysX] Initialized MultithreadedTaskDispatcher with 10 workers.
 -> (artifact id: '49880b7f03cb80ad4bc92cfd65272acc') in 0.006944 seconds
Number of updated asset objects reloaded before import = 0
Number of asset objects unloaded after import = 1
========================================================================
Received Import Request.
  Time since last request: 0.000087 seconds.
  path: Assets/Game/LaserController.cs
  artifactKey: Guid(45fc67a933adcca4bb3013c55c265a76) Importer(2089858483,0ecaa5967403d082aa24f35e1b516d23)
Start importing Assets/Game/LaserController.cs using Guid(45fc67a933adcca4bb3013c55c265a76) Importer(2089858483,0ecaa5967403d082aa24f35e1b516d23) [PhysX] Initialized MultithreadedTaskDispatcher with 10 workers.
 -> (artifact id: 'dec89379b47fecb08268982a0da14032') in 0.002159 seconds
Number of updated asset objects reloaded before import = 0
Number of asset objects unloaded after import = 1
========================================================================
Received Import Request.
  Time since last request: 0.000097 seconds.
  path: Assets/ExampleAssets/Materials/Paint1G_WAnim_Material.mat
  artifactKey: Guid(55c183dc45153be48a45c4e530127fb3) Importer(2089858483,0ecaa5967403d082aa24f35e1b516d23)
Start importing Assets/ExampleAssets/Materials/Paint1G_WAnim_Material.mat using Guid(55c183dc45153be48a45c4e530127fb3) Importer(2089858483,0ecaa5967403d082aa24f35e1b516d23) [PhysX] Initialized MultithreadedTaskDispatcher with 10 workers.
 -> (artifact id: 'd67805e553831c8430de97674367001c') in 0.002305 seconds
Number of updated asset objects reloaded before import = 0
Number of asset objects unloaded after import = 1
========================================================================
Received Import Request.
  Time since last request: 0.000093 seconds.
  path: Assets/Presets/Defaults/AudioDecompressOnLoad.preset
  artifactKey: Guid(e7689051185d12f4298e1ebb2693a29f) Importer(2089858483,0ecaa5967403d082aa24f35e1b516d23)
Start importing Assets/Presets/Defaults/AudioDecompressOnLoad.preset using Guid(e7689051185d12f4298e1ebb2693a29f) Importer(2089858483,0ecaa5967403d082aa24f35e1b516d23) [PhysX] Initialized MultithreadedTaskDispatcher with 10 workers.
 -> (artifact id: '4c75a924ff46cc1089d9a80e0e4471b3') in 0.003371 seconds
Number of updated asset objects reloaded before import = 0
Number of asset objects unloaded after import = 1
========================================================================
Received Import Request.
  Time since last request: 0.000058 seconds.
  path: Assets/ExampleAssets/Materials/Plastic_Rough_Mat.mat
  artifactKey: Guid(a5aaee4111611af43b5abbff184fe5fa) Importer(2089858483,0ecaa5967403d082aa24f35e1b516d23)
Start importing Assets/ExampleAssets/Materials/Plastic_Rough_Mat.mat using Guid(a5aaee4111611af43b5abbff184fe5fa) Importer(2089858483,0ecaa5967403d082aa24f35e1b516d23) [PhysX] Initialized MultithreadedTaskDispatcher with 10 workers.
 -> (artifact id: 'eecaccd38ec8af9cebc6fcdad0d91325') in 0.003571 seconds
Number of updated asset objects reloaded before import = 0
Number of asset objects unloaded after import = 1
========================================================================
Received Import Request.
  Time since last request: 0.000086 seconds.
  path: Assets/Game/ENv/Materials/lambert1.mat
  artifactKey: Guid(fc5cb04e236d5ee4698bd6ca28442290) Importer(2089858483,0ecaa5967403d082aa24f35e1b516d23)
Start importing Assets/Game/ENv/Materials/lambert1.mat using Guid(fc5cb04e236d5ee4698bd6ca28442290) Importer(2089858483,0ecaa5967403d082aa24f35e1b516d23) [PhysX] Initialized MultithreadedTaskDispatcher with 10 workers.
 -> (artifact id: '23fe306da1eed8908408287c2f7d3aff') in 0.002519 seconds
Number of updated asset objects reloaded before import = 0
Number of asset objects unloaded after import = 1
========================================================================
Received Import Request.
  Time since last request: 0.000086 seconds.
  path: Assets/ExampleAssets/Textures/Props/Hammer/Hammer_MetallicOcculusionSmoothness.tif
  artifactKey: Guid(6c509e4ae024b5e4faeefb92dab5c812) Importer(2089858483,0ecaa5967403d082aa24f35e1b516d23)
Start importing Assets/ExampleAssets/Textures/Props/Hammer/Hammer_MetallicOcculusionSmoothness.tif using Guid(6c509e4ae024b5e4faeefb92dab5c812) Importer(2089858483,0ecaa5967403d082aa24f35e1b516d23) [PhysX] Initialized MultithreadedTaskDispatcher with 10 workers.
 -> (artifact id: '9faa2373da718e918388c1668b2b46d6') in 0.009208 seconds
Number of updated asset objects reloaded before import = 0
Number of asset objects unloaded after import = 1
========================================================================
Received Import Request.
  Time since last request: 0.000062 seconds.
  path: Assets/ExampleAssets/Models/magneticlevel_low.fbx
  artifactKey: Guid(bae110eee250e4b418b188f4ae4e3170) Importer(2089858483,0ecaa5967403d082aa24f35e1b516d23)
Start importing Assets/ExampleAssets/Models/magneticlevel_low.fbx using Guid(bae110eee250e4b418b188f4ae4e3170) Importer(2089858483,0ecaa5967403d082aa24f35e1b516d23) [PhysX] Initialized MultithreadedTaskDispatcher with 10 workers.
 -> (artifact id: 'bad9718994e75beb97a27e566e79d3b5') in 0.013299 seconds
Number of updated asset objects reloaded before import = 0
Number of asset objects unloaded after import = 11
========================================================================
Received Import Request.
  Time since last request: 0.000050 seconds.
  path: Assets/Readme.asset
  artifactKey: Guid(83c2ed844a8c74b779a4c823d16594b1) Importer(2089858483,0ecaa5967403d082aa24f35e1b516d23)
Start importing Assets/Readme.asset using Guid(83c2ed844a8c74b779a4c823d16594b1) Importer(2089858483,0ecaa5967403d082aa24f35e1b516d23) [PhysX] Initialized MultithreadedTaskDispatcher with 10 workers.
 -> (artifact id: '9b7849a2640d85f70b4db4859d3d722b') in 0.008662 seconds
Number of updated asset objects reloaded before import = 0
Number of asset objects unloaded after import = 2
========================================================================
Received Import Request.
  Time since last request: 0.000048 seconds.
  path: Assets/Game/ENv/black-gravel-texture-wallpaper-illustration-eps10-vector.jpg
  artifactKey: Guid(37a1c0a4ab970f147b4a138d6af36c27) Importer(2089858483,0ecaa5967403d082aa24f35e1b516d23)
Start importing Assets/Game/ENv/black-gravel-texture-wallpaper-illustration-eps10-vector.jpg using Guid(37a1c0a4ab970f147b4a138d6af36c27) Importer(2089858483,0ecaa5967403d082aa24f35e1b516d23) [PhysX] Initialized MultithreadedTaskDispatcher with 10 workers.
 -> (artifact id: '3eeded021db646c2e75b5eb7794b7d44') in 0.009044 seconds
Number of updated asset objects reloaded before import = 0
Number of asset objects unloaded after import = 1
========================================================================
Received Import Request.
  Time since last request: 0.000068 seconds.
  path: Assets/ExampleAssets/Textures/Props/Jigsaw/Jigsaw_Albedo.tif
  artifactKey: Guid(b3f247b26e080ca468f1daa963c192ee) Importer(2089858483,0ecaa5967403d082aa24f35e1b516d23)
Start importing Assets/ExampleAssets/Textures/Props/Jigsaw/Jigsaw_Albedo.tif using Guid(b3f247b26e080ca468f1daa963c192ee) Importer(2089858483,0ecaa5967403d082aa24f35e1b516d23) [PhysX] Initialized MultithreadedTaskDispatcher with 10 workers.
 -> (artifact id: 'bccde7cd1a4de4ec7c750e3e81bd2bbe') in 0.007630 seconds
Number of updated asset objects reloaded before import = 0
Number of asset objects unloaded after import = 1
========================================================================
Received Import Request.
  Time since last request: 0.000113 seconds.
  path: Assets/ExampleAssets/Models/paintbucket_low.fbx
  artifactKey: Guid(b451a052397f03c4f8a04d915d1c0492) Importer(2089858483,0ecaa5967403d082aa24f35e1b516d23)
Start importing Assets/ExampleAssets/Models/paintbucket_low.fbx using Guid(b451a052397f03c4f8a04d915d1c0492) Importer(2089858483,0ecaa5967403d082aa24f35e1b516d23) [PhysX] Initialized MultithreadedTaskDispatcher with 10 workers.
 -> (artifact id: '848003cd02f383796186e5fe89d8dfa7') in 0.015679 seconds
Number of updated asset objects reloaded before import = 0
Number of asset objects unloaded after import = 23
========================================================================
Received Import Request.
  Time since last request: 0.000059 seconds.
  path: Assets/ExampleAssets/Textures/Concrete/Ground_MetallicOcculusionSmoothness.tif
  artifactKey: Guid(a8d38587573a5f34c91c4ae0fbd8bfef) Importer(2089858483,0ecaa5967403d082aa24f35e1b516d23)
Start importing Assets/ExampleAssets/Textures/Concrete/Ground_MetallicOcculusionSmoothness.tif using Guid(a8d38587573a5f34c91c4ae0fbd8bfef) Importer(2089858483,0ecaa5967403d082aa24f35e1b516d23) [PhysX] Initialized MultithreadedTaskDispatcher with 10 workers.
 -> (artifact id: '771904bd5057306c2a03113b4829f3d9') in 0.009568 seconds
Number of updated asset objects reloaded before import = 0
Number of asset objects unloaded after import = 1
========================================================================
Received Import Request.
  Time since last request: 0.000048 seconds.
  path: Assets/Game/TowerManager.cs
  artifactKey: Guid(a63c7fd802de253459cbab9ebbd01fab) Importer(2089858483,0ecaa5967403d082aa24f35e1b516d23)
Start importing Assets/Game/TowerManager.cs using Guid(a63c7fd802de253459cbab9ebbd01fab) Importer(2089858483,0ecaa5967403d082aa24f35e1b516d23) [PhysX] Initialized MultithreadedTaskDispatcher with 10 workers.
 -> (artifact id: 'a477cb22be1be196348993a579887be5') in 0.002293 seconds
Number of updated asset objects reloaded before import = 0
Number of asset objects unloaded after import = 1
========================================================================
Received Import Request.
  Time since last request: 0.000081 seconds.
  path: Assets/TutorialInfo/Scripts/Editor/ReadmeEditor.cs
  artifactKey: Guid(476cc7d7cd9874016adc216baab94a0a) Importer(2089858483,0ecaa5967403d082aa24f35e1b516d23)
Start importing Assets/TutorialInfo/Scripts/Editor/ReadmeEditor.cs using Guid(476cc7d7cd9874016adc216baab94a0a) Importer(2089858483,0ecaa5967403d082aa24f35e1b516d23) [PhysX] Initialized MultithreadedTaskDispatcher with 10 workers.
 -> (artifact id: '17f613978a567fba49c5e74c1d820a25') in 0.002173 seconds
Number of updated asset objects reloaded before import = 0
Number of asset objects unloaded after import = 1
========================================================================
Received Import Request.
  Time since last request: 0.000089 seconds.
  path: Assets/ExampleAssets/Prefabs/Workbench_LOD1.prefab
  artifactKey: Guid(38d5ecfa2b93c4095b4cc5d4a590e676) Importer(2089858483,0ecaa5967403d082aa24f35e1b516d23)
Start importing Assets/ExampleAssets/Prefabs/Workbench_LOD1.prefab using Guid(38d5ecfa2b93c4095b4cc5d4a590e676) Importer(2089858483,0ecaa5967403d082aa24f35e1b516d23) [PhysX] Initialized MultithreadedTaskDispatcher with 10 workers.
 -> (artifact id: '114374cd3fe583b412fa264d1930bf8e') in 0.002898 seconds
Number of updated asset objects reloaded before import = 0
Number of asset objects unloaded after import = 29
========================================================================
Received Import Request.
  Time since last request: 0.000037 seconds.
  path: Assets/ExampleAssets/Textures/Plastic/PlasticRough_Albedo.tif
  artifactKey: Guid(7b82d12aad56cc445b99fd1cf06a232d) Importer(2089858483,0ecaa5967403d082aa24f35e1b516d23)
Start importing Assets/ExampleAssets/Textures/Plastic/PlasticRough_Albedo.tif using Guid(7b82d12aad56cc445b99fd1cf06a232d) Importer(2089858483,0ecaa5967403d082aa24f35e1b516d23) [PhysX] Initialized MultithreadedTaskDispatcher with 10 workers.
 -> (artifact id: '6a036492fe4c3bcba5f17dc10427f93a') in 0.009015 seconds
Number of updated asset objects reloaded before import = 0
Number of asset objects unloaded after import = 1
========================================================================
Received Import Request.
  Time since last request: 0.000076 seconds.
  path: Assets/ExampleAssets/Textures/Drywall/Drywall_AlbedoSmoothness.tif
  artifactKey: Guid(3e11968c372730442aae3b4f7c909931) Importer(2089858483,0ecaa5967403d082aa24f35e1b516d23)
Start importing Assets/ExampleAssets/Textures/Drywall/Drywall_AlbedoSmoothness.tif using Guid(3e11968c372730442aae3b4f7c909931) Importer(2089858483,0ecaa5967403d082aa24f35e1b516d23) [PhysX] Initialized MultithreadedTaskDispatcher with 10 workers.
 -> (artifact id: '0635b9de2a3b9ff6d23ad2a4c990ba4f') in 0.009168 seconds
Number of updated asset objects reloaded before import = 0
Number of asset objects unloaded after import = 1
========================================================================
Received Import Request.
  Time since last request: 0.000110 seconds.
  path: Assets/ExampleAssets/Textures/Wood/Plywood_Albedo.tif
  artifactKey: Guid(9644eb6aca67672449e2bcbb0eab8e84) Importer(2089858483,0ecaa5967403d082aa24f35e1b516d23)
Start importing Assets/ExampleAssets/Textures/Wood/Plywood_Albedo.tif using Guid(9644eb6aca67672449e2bcbb0eab8e84) Importer(2089858483,0ecaa5967403d082aa24f35e1b516d23) [PhysX] Initialized MultithreadedTaskDispatcher with 10 workers.
 -> (artifact id: 'a4db26c7bef85a92c1bbe0061704e28f') in 0.007575 seconds
Number of updated asset objects reloaded before import = 0
Number of asset objects unloaded after import = 1
========================================================================
Received Import Request.
  Time since last request: 0.000059 seconds.
  path: Assets/Presets/NormalTexture.preset
  artifactKey: Guid(14a57cf3b9fa1c74b884aa7e0dcf1faa) Importer(2089858483,0ecaa5967403d082aa24f35e1b516d23)
Start importing Assets/Presets/NormalTexture.preset using Guid(14a57cf3b9fa1c74b884aa7e0dcf1faa) Importer(2089858483,0ecaa5967403d082aa24f35e1b516d23) [PhysX] Initialized MultithreadedTaskDispatcher with 10 workers.
 -> (artifact id: 'cd503d37ec4471c6c3ddeaa047d9c41f') in 0.003110 seconds
Number of updated asset objects reloaded before import = 0
Number of asset objects unloaded after import = 1
========================================================================
Received Import Request.
  Time since last request: 0.000082 seconds.
  path: Assets/ExampleAssets/Prefabs/Workbench.prefab
  artifactKey: Guid(8850d132797ff49298ba781e8e1c9bfe) Importer(2089858483,0ecaa5967403d082aa24f35e1b516d23)
Start importing Assets/ExampleAssets/Prefabs/Workbench.prefab using Guid(8850d132797ff49298ba781e8e1c9bfe) Importer(2089858483,0ecaa5967403d082aa24f35e1b516d23) [PhysX] Initialized MultithreadedTaskDispatcher with 10 workers.
 -> (artifact id: '0127c2d662aa010b260d86e2d2a06346') in 0.005995 seconds
Number of updated asset objects reloaded before import = 0
Number of asset objects unloaded after import = 91
========================================================================
Received Import Request.
  Time since last request: 0.128916 seconds.
  path: Assets/ExampleAssets/Textures/Props/Paint/Paint5G_AlbedoSmoothness.tif
  artifactKey: Guid(5d25a5cd577a4c54e94fdf9cc6f1a631) Importer(2089858483,0ecaa5967403d082aa24f35e1b516d23)
Start importing Assets/ExampleAssets/Textures/Props/Paint/Paint5G_AlbedoSmoothness.tif using Guid(5d25a5cd577a4c54e94fdf9cc6f1a631) Importer(2089858483,0ecaa5967403d082aa24f35e1b516d23) [PhysX] Initialized MultithreadedTaskDispatcher with 10 workers.
 -> (artifact id: 'a2c6bb14f2ca246f1f4e2e98eb5a4dc0') in 0.011597 seconds
Number of updated asset objects reloaded before import = 0
Number of asset objects unloaded after import = 1
========================================================================
Received Import Request.
  Time since last request: 0.000088 seconds.
  path: Assets/Game/ErbGameArt/3D Lasers Pack/Textures/Circle41.png
  artifactKey: Guid(4e1d7245ae7321c4ba834b915eef99e0) Importer(2089858483,0ecaa5967403d082aa24f35e1b516d23)
Start importing Assets/Game/ErbGameArt/3D Lasers Pack/Textures/Circle41.png using Guid(4e1d7245ae7321c4ba834b915eef99e0) Importer(2089858483,0ecaa5967403d082aa24f35e1b516d23) [PhysX] Initialized MultithreadedTaskDispatcher with 10 workers.
 -> (artifact id: '0ca177d6bdcdfce800b6e3633b34c21e') in 0.010025 seconds
Number of updated asset objects reloaded before import = 0
Number of asset objects unloaded after import = 1
========================================================================
Received Import Request.
  Time since last request: 0.000069 seconds.
  path: Assets/Game/ErbGameArt/3D Lasers Pack/Materials/Smoke12cg.mat
  artifactKey: Guid(702a250bb24700c4fb4a74b638bf5f2f) Importer(2089858483,0ecaa5967403d082aa24f35e1b516d23)
Start importing Assets/Game/ErbGameArt/3D Lasers Pack/Materials/Smoke12cg.mat using Guid(702a250bb24700c4fb4a74b638bf5f2f) Importer(2089858483,0ecaa5967403d082aa24f35e1b516d23) [PhysX] Initialized MultithreadedTaskDispatcher with 10 workers.
 -> (artifact id: 'bc01699ac19dd92e9bf94da19e098592') in 0.005878 seconds
Number of updated asset objects reloaded before import = 0
Number of asset objects unloaded after import = 3
========================================================================
Received Import Request.
  Time since last request: 0.000038 seconds.
  path: Assets/Game/ErbGameArt/3D Lasers Pack/Textures/Trail42.png
  artifactKey: Guid(03560c8b050664d4c8d41740612aa6a2) Importer(2089858483,0ecaa5967403d082aa24f35e1b516d23)
Start importing Assets/Game/ErbGameArt/3D Lasers Pack/Textures/Trail42.png using Guid(03560c8b050664d4c8d41740612aa6a2) Importer(2089858483,0ecaa5967403d082aa24f35e1b516d23) [PhysX] Initialized MultithreadedTaskDispatcher with 10 workers.
 -> (artifact id: 'b13c78edef3c6dfe23fbbcc40f7ec32a') in 0.009190 seconds
Number of updated asset objects reloaded before import = 0
Number of asset objects unloaded after import = 1
========================================================================
Received Import Request.
  Time since last request: 0.000070 seconds.
  path: Assets/Game/ErbGameArt/3D Lasers Pack/Textures/Noise34.png
  artifactKey: Guid(3f1d4fadb37c37e4488860109d7dce4b) Importer(2089858483,0ecaa5967403d082aa24f35e1b516d23)
Start importing Assets/Game/ErbGameArt/3D Lasers Pack/Textures/Noise34.png using Guid(3f1d4fadb37c37e4488860109d7dce4b) Importer(2089858483,0ecaa5967403d082aa24f35e1b516d23) [PhysX] Initialized MultithreadedTaskDispatcher with 10 workers.
 -> (artifact id: '375db88f4750e811d5d5c73d30b29058') in 0.007200 seconds
Number of updated asset objects reloaded before import = 0
Number of asset objects unloaded after import = 1
========================================================================
Received Import Request.
  Time since last request: 0.000068 seconds.
  path: Assets/Game/ErbGameArt/3D Lasers Pack/Materials/HPL2cg.mat
  artifactKey: Guid(1b5f613319e0f324c9637cfac64149e4) Importer(2089858483,0ecaa5967403d082aa24f35e1b516d23)
Start importing Assets/Game/ErbGameArt/3D Lasers Pack/Materials/HPL2cg.mat using Guid(1b5f613319e0f324c9637cfac64149e4) Importer(2089858483,0ecaa5967403d082aa24f35e1b516d23) [PhysX] Initialized MultithreadedTaskDispatcher with 10 workers.
 -> (artifact id: 'a2992a1186390d86c2170eb2dcc05eca') in 0.005520 seconds
Number of updated asset objects reloaded before import = 0
Number of asset objects unloaded after import = 2
========================================================================
Received Import Request.
  Time since last request: 0.000057 seconds.
  path: Assets/Game/ErbGameArt/3D Lasers Pack/Textures/Concrete slab.png
  artifactKey: Guid(1b13dc101cf2ac7418019fd776161658) Importer(2089858483,0ecaa5967403d082aa24f35e1b516d23)
Start importing Assets/Game/ErbGameArt/3D Lasers Pack/Textures/Concrete slab.png using Guid(1b13dc101cf2ac7418019fd776161658) Importer(2089858483,0ecaa5967403d082aa24f35e1b516d23) [PhysX] Initialized MultithreadedTaskDispatcher with 10 workers.
 -> (artifact id: '4fe2a13c95a5c0fc8198c330ff37fbe3') in 0.010887 seconds
Number of updated asset objects reloaded before import = 0
Number of asset objects unloaded after import = 1
========================================================================
Received Import Request.
  Time since last request: 0.000074 seconds.
  path: Assets/Game/ErbGameArt/3D Lasers Pack/Models/CylinderFromGround.fbx
  artifactKey: Guid(82dbd8e3418cba140afc86fa4b355d35) Importer(2089858483,0ecaa5967403d082aa24f35e1b516d23)
Start importing Assets/Game/ErbGameArt/3D Lasers Pack/Models/CylinderFromGround.fbx using Guid(82dbd8e3418cba140afc86fa4b355d35) Importer(2089858483,0ecaa5967403d082aa24f35e1b516d23) [PhysX] Initialized MultithreadedTaskDispatcher with 10 workers.
 -> (artifact id: 'e751a15883dedc0f61d527f05731bd6c') in 0.009663 seconds
Number of updated asset objects reloaded before import = 0
Number of asset objects unloaded after import = 7
========================================================================
Received Import Request.
  Time since last request: 0.000090 seconds.
  path: Assets/Game/ErbGameArt/3D Lasers Pack/Materials/Snow4cg.mat
  artifactKey: Guid(14d86213d7eb66d488a487dc38bc79d1) Importer(2089858483,0ecaa5967403d082aa24f35e1b516d23)
Start importing Assets/Game/ErbGameArt/3D Lasers Pack/Materials/Snow4cg.mat using Guid(14d86213d7eb66d488a487dc38bc79d1) Importer(2089858483,0ecaa5967403d082aa24f35e1b516d23) [PhysX] Initialized MultithreadedTaskDispatcher with 10 workers.
 -> (artifact id: 'c1ad9e358916f4dee2fa4c06952f7465') in 0.003150 seconds
Number of updated asset objects reloaded before import = 0
Number of asset objects unloaded after import = 2
========================================================================
Received Import Request.
  Time since last request: 0.000101 seconds.
  path: Assets/Game/ErbGameArt/3D Lasers Pack/Materials/Laser5.mat
  artifactKey: Guid(14c9496dd1f115149924253e2d53f0a9) Importer(2089858483,0ecaa5967403d082aa24f35e1b516d23)
Start importing Assets/Game/ErbGameArt/3D Lasers Pack/Materials/Laser5.mat using Guid(14c9496dd1f115149924253e2d53f0a9) Importer(2089858483,0ecaa5967403d082aa24f35e1b516d23) [PhysX] Initialized MultithreadedTaskDispatcher with 10 workers.
 -> (artifact id: '48ca63cb46cbf4285a934e3986e819ab') in 0.005374 seconds
Number of updated asset objects reloaded before import = 0
Number of asset objects unloaded after import = 3
========================================================================
Received Import Request.
  Time since last request: 0.000579 seconds.
  path: Assets/ExampleAssets/Textures/Props/Paint/Paintbrush_Normal.tif
  artifactKey: Guid(09e745bf0b8ff6a4bb5785d14168289a) Importer(2089858483,0ecaa5967403d082aa24f35e1b516d23)
Start importing Assets/ExampleAssets/Textures/Props/Paint/Paintbrush_Normal.tif using Guid(09e745bf0b8ff6a4bb5785d14168289a) Importer(2089858483,0ecaa5967403d082aa24f35e1b516d23) [PhysX] Initialized MultithreadedTaskDispatcher with 10 workers.
 -> (artifact id: 'f125d9d3a15f0848624d6b2cc6660856') in 0.007413 seconds
Number of updated asset objects reloaded before import = 0
Number of asset objects unloaded after import = 1
========================================================================
Received Import Request.
  Time since last request: 0.000078 seconds.
  path: Assets/Game/ErbGameArt/3D Lasers Pack/Textures/Smoke.png
  artifactKey: Guid(190f03e800924ac45966dff7ad924828) Importer(2089858483,0ecaa5967403d082aa24f35e1b516d23)
Start importing Assets/Game/ErbGameArt/3D Lasers Pack/Textures/Smoke.png using Guid(190f03e800924ac45966dff7ad924828) Importer(2089858483,0ecaa5967403d082aa24f35e1b516d23) [PhysX] Initialized MultithreadedTaskDispatcher with 10 workers.
 -> (artifact id: '4c0b6c4468602f4a3e56762cd7a26076') in 0.008215 seconds
Number of updated asset objects reloaded before import = 0
Number of asset objects unloaded after import = 1
========================================================================
Received Import Request.
  Time since last request: 0.000059 seconds.
  path: Assets/Game/ErbGameArt/3D Lasers Pack/Materials/Wall.mat
  artifactKey: Guid(033ab394ebe8fde448d3e42e2166673a) Importer(2089858483,0ecaa5967403d082aa24f35e1b516d23)
Start importing Assets/Game/ErbGameArt/3D Lasers Pack/Materials/Wall.mat using Guid(033ab394ebe8fde448d3e42e2166673a) Importer(2089858483,0ecaa5967403d082aa24f35e1b516d23) [PhysX] Initialized MultithreadedTaskDispatcher with 10 workers.
 -> (artifact id: '0cd1a3c5fdb4d9c33f303371256271af') in 0.001970 seconds
Number of updated asset objects reloaded before import = 0
Number of asset objects unloaded after import = 1
========================================================================
Received Import Request.
  Time since last request: 0.000065 seconds.
  path: Assets/Game/ErbGameArt/3D Lasers Pack/Demo scene lasers/Lightmap-1_comp_dir.png
  artifactKey: Guid(0eec2821e7b4dd146b9593bf9d06571e) Importer(2089858483,0ecaa5967403d082aa24f35e1b516d23)
Start importing Assets/Game/ErbGameArt/3D Lasers Pack/Demo scene lasers/Lightmap-1_comp_dir.png using Guid(0eec2821e7b4dd146b9593bf9d06571e) Importer(2089858483,0ecaa5967403d082aa24f35e1b516d23) [PhysX] Initialized MultithreadedTaskDispatcher with 10 workers.
 -> (artifact id: '0cf2992e1dd5bdb779b5e86c1487dc5c') in 0.009001 seconds
Number of updated asset objects reloaded before import = 0
Number of asset objects unloaded after import = 1
========================================================================
Received Import Request.
  Time since last request: 0.000057 seconds.
  path: Assets/Game/ErbGameArt/3D Lasers Pack/Textures/Smoke12.png
  artifactKey: Guid(d2d212ea9b69a8345bd6b7debdf07fcd) Importer(2089858483,0ecaa5967403d082aa24f35e1b516d23)
Start importing Assets/Game/ErbGameArt/3D Lasers Pack/Textures/Smoke12.png using Guid(d2d212ea9b69a8345bd6b7debdf07fcd) Importer(2089858483,0ecaa5967403d082aa24f35e1b516d23) [PhysX] Initialized MultithreadedTaskDispatcher with 10 workers.
 -> (artifact id: '55c1f9743f92328288793a56bcc856bb') in 0.006886 seconds
Number of updated asset objects reloaded before import = 0
Number of asset objects unloaded after import = 1
========================================================================
Received Import Request.
  Time since last request: 0.000093 seconds.
  path: Assets/Game/ErbGameArt/3D Lasers Pack/Textures/SparkExolosion2.png
  artifactKey: Guid(18ead67d9373c0e4c94569200a88a6cb) Importer(2089858483,0ecaa5967403d082aa24f35e1b516d23)
Start importing Assets/Game/ErbGameArt/3D Lasers Pack/Textures/SparkExolosion2.png using Guid(18ead67d9373c0e4c94569200a88a6cb) Importer(2089858483,0ecaa5967403d082aa24f35e1b516d23) [PhysX] Initialized MultithreadedTaskDispatcher with 10 workers.
 -> (artifact id: 'fb63add8ae9b08be016b41aa500cfb22') in 0.009573 seconds
Number of updated asset objects reloaded before import = 0
Number of asset objects unloaded after import = 1
========================================================================
Received Import Request.
  Time since last request: 0.000095 seconds.
  path: Assets/Game/ErbGameArt/3D Lasers Pack/Prefabs/Laser beam 4.prefab
  artifactKey: Guid(6028b5b4fbbf45e45a362de709aa2e18) Importer(2089858483,0ecaa5967403d082aa24f35e1b516d23)
Start importing Assets/Game/ErbGameArt/3D Lasers Pack/Prefabs/Laser beam 4.prefab using Guid(6028b5b4fbbf45e45a362de709aa2e18) Importer(2089858483,0ecaa5967403d082aa24f35e1b516d23) [PhysX] Initialized MultithreadedTaskDispatcher with 10 workers.
 -> (artifact id: '1e0d5e389a17d9c98e6a14bc91396726') in 0.012634 seconds
Number of updated asset objects reloaded before import = 0
Number of asset objects unloaded after import = 46
========================================================================
Received Import Request.
  Time since last request: 0.000033 seconds.
  path: Assets/Game/ErbGameArt/3D Lasers Pack/Materials/Trail21cg.mat
  artifactKey: Guid(60c4f99d55be7ee44a8521d1da5a59c6) Importer(2089858483,0ecaa5967403d082aa24f35e1b516d23)
Start importing Assets/Game/ErbGameArt/3D Lasers Pack/Materials/Trail21cg.mat using Guid(60c4f99d55be7ee44a8521d1da5a59c6) Importer(2089858483,0ecaa5967403d082aa24f35e1b516d23) [PhysX] Initialized MultithreadedTaskDispatcher with 10 workers.
 -> (artifact id: '123f6b44660e703bfeca670e4c9fdc11') in 0.003464 seconds
Number of updated asset objects reloaded before import = 0
Number of asset objects unloaded after import = 2
========================================================================
Received Import Request.
  Time since last request: 0.000069 seconds.
  path: Assets/Game/ErbGameArt/3D Lasers Pack/Prefabs/Laser beam 2.prefab
  artifactKey: Guid(9d5dbdf2d3c3c6b4eadc51123699d237) Importer(2089858483,0ecaa5967403d082aa24f35e1b516d23)
Start importing Assets/Game/ErbGameArt/3D Lasers Pack/Prefabs/Laser beam 2.prefab using Guid(9d5dbdf2d3c3c6b4eadc51123699d237) Importer(2089858483,0ecaa5967403d082aa24f35e1b516d23) [PhysX] Initialized MultithreadedTaskDispatcher with 10 workers.
 -> (artifact id: '76c2b745e2445e853c4a3524dbd4a01c') in 0.005989 seconds
Number of updated asset objects reloaded before import = 0
Number of asset objects unloaded after import = 54
========================================================================
Received Import Request.
  Time since last request: 0.000038 seconds.
  path: Assets/Game/ErbGameArt/3D Lasers Pack/Demo scene lasers/Demo lasers.unity
  artifactKey: Guid(9b5a8a939686c424aa2f03c9b6a9e3c2) Importer(2089858483,0ecaa5967403d082aa24f35e1b516d23)
Start importing Assets/Game/ErbGameArt/3D Lasers Pack/Demo scene lasers/Demo lasers.unity using Guid(9b5a8a939686c424aa2f03c9b6a9e3c2) Importer(2089858483,0ecaa5967403d082aa24f35e1b516d23) [PhysX] Initialized MultithreadedTaskDispatcher with 10 workers.
 -> (artifact id: 'd03ec738e8c03f2e89593cb455b9fcc8') in 0.002623 seconds
Number of updated asset objects reloaded before import = 0
Number of asset objects unloaded after import = 1
========================================================================
Received Import Request.
  Time since last request: 0.000137 seconds.
  path: Assets/ExampleAssets/Textures/Props/Paint/PaintAnimMask.tif
  artifactKey: Guid(5e98de278b2ccc14f89b76b85596a3f3) Importer(2089858483,0ecaa5967403d082aa24f35e1b516d23)
Start importing Assets/ExampleAssets/Textures/Props/Paint/PaintAnimMask.tif using Guid(5e98de278b2ccc14f89b76b85596a3f3) Importer(2089858483,0ecaa5967403d082aa24f35e1b516d23) [PhysX] Initialized MultithreadedTaskDispatcher with 10 workers.
 -> (artifact id: '1e6fdea3d2f5a6bb76f3c44bf61a9200') in 0.007073 seconds
Number of updated asset objects reloaded before import = 0
Number of asset objects unloaded after import = 1
========================================================================
Received Import Request.
  Time since last request: 0.000073 seconds.
  path: Assets/Game/ErbGameArt/3D Lasers Pack/Textures/Snow4.png
  artifactKey: Guid(2dbe75cf06e0c6842b4eae60ddda63ef) Importer(2089858483,0ecaa5967403d082aa24f35e1b516d23)
Start importing Assets/Game/ErbGameArt/3D Lasers Pack/Textures/Snow4.png using Guid(2dbe75cf06e0c6842b4eae60ddda63ef) Importer(2089858483,0ecaa5967403d082aa24f35e1b516d23) [PhysX] Initialized MultithreadedTaskDispatcher with 10 workers.
 -> (artifact id: '699d5ce40269069c6b242db433faad10') in 0.008019 seconds
Number of updated asset objects reloaded before import = 0
Number of asset objects unloaded after import = 1
========================================================================
Received Import Request.
  Time since last request: 0.000067 seconds.
  path: Assets/Game/ErbGameArt/3D Lasers Pack/Textures/waves3.png
  artifactKey: Guid(57fa093c24b94d644aedadcf534562a0) Importer(2089858483,0ecaa5967403d082aa24f35e1b516d23)
Start importing Assets/Game/ErbGameArt/3D Lasers Pack/Textures/waves3.png using Guid(57fa093c24b94d644aedadcf534562a0) Importer(2089858483,0ecaa5967403d082aa24f35e1b516d23) [PhysX] Initialized MultithreadedTaskDispatcher with 10 workers.
 -> (artifact id: '09e2249886608720bd3c47820e8908a8') in 0.008369 seconds
Number of updated asset objects reloaded before import = 0
Number of asset objects unloaded after import = 1
========================================================================
Received Import Request.
  Time since last request: 0.000100 seconds.
  path: Assets/Game/ErbGameArt/3D Lasers Pack/Materials/Romb3cg.mat
  artifactKey: Guid(c10ff1214bc1c924182ac2e22d4f5cda) Importer(2089858483,0ecaa5967403d082aa24f35e1b516d23)
Start importing Assets/Game/ErbGameArt/3D Lasers Pack/Materials/Romb3cg.mat using Guid(c10ff1214bc1c924182ac2e22d4f5cda) Importer(2089858483,0ecaa5967403d082aa24f35e1b516d23) [PhysX] Initialized MultithreadedTaskDispatcher with 10 workers.
 -> (artifact id: 'fbb42085e464b665f2edaa1d35c3e01b') in 0.003225 seconds
Number of updated asset objects reloaded before import = 0
Number of asset objects unloaded after import = 2
========================================================================
Received Import Request.
  Time since last request: 0.000055 seconds.
  path: Assets/Game/ErbGameArt/3D Lasers Pack/Textures/Noise41.png
  artifactKey: Guid(1eae6143ce30e2849b37136524e197f0) Importer(2089858483,0ecaa5967403d082aa24f35e1b516d23)
Start importing Assets/Game/ErbGameArt/3D Lasers Pack/Textures/Noise41.png using Guid(1eae6143ce30e2849b37136524e197f0) Importer(2089858483,0ecaa5967403d082aa24f35e1b516d23) [PhysX] Initialized MultithreadedTaskDispatcher with 10 workers.
 -> (artifact id: 'cc7e085efd39c41f3376a7c5d3a2716c') in 0.007508 seconds
Number of updated asset objects reloaded before import = 0
Number of asset objects unloaded after import = 1
========================================================================
Received Import Request.
  Time since last request: 0.000066 seconds.
  path: Assets/ExampleAssets/Textures/Props/Paint/PaintLabel.tif
  artifactKey: Guid(e5c37ab0c7b37af4f981195d3caaf4b4) Importer(2089858483,0ecaa5967403d082aa24f35e1b516d23)
Start importing Assets/ExampleAssets/Textures/Props/Paint/PaintLabel.tif using Guid(e5c37ab0c7b37af4f981195d3caaf4b4) Importer(2089858483,0ecaa5967403d082aa24f35e1b516d23) [PhysX] Initialized MultithreadedTaskDispatcher with 10 workers.
 -> (artifact id: 'e4eade5eaa4cab640b6950f3982e0270') in 0.008345 seconds
Number of updated asset objects reloaded before import = 0
Number of asset objects unloaded after import = 1
========================================================================
Received Import Request.
  Time since last request: 0.000116 seconds.
  path: Assets/Game/ErbGameArt/3D Lasers Pack/Textures/Noise43.png
  artifactKey: Guid(6701bfb8e762cd54e96d8dc1a763d942) Importer(2089858483,0ecaa5967403d082aa24f35e1b516d23)
Start importing Assets/Game/ErbGameArt/3D Lasers Pack/Textures/Noise43.png using Guid(6701bfb8e762cd54e96d8dc1a763d942) Importer(2089858483,0ecaa5967403d082aa24f35e1b516d23) [PhysX] Initialized MultithreadedTaskDispatcher with 10 workers.
 -> (artifact id: 'f88be1483af761c505392024a7f230de') in 0.007126 seconds
Number of updated asset objects reloaded before import = 0
Number of asset objects unloaded after import = 1
========================================================================
Received Import Request.
  Time since last request: 0.000106 seconds.
  path: Assets/Game/ErbGameArt/3D Lasers Pack/Demo scene lasers/If you want to use lasers in 2D.txt
  artifactKey: Guid(553b667b1d6b00c4db2f323ccabc1bac) Importer(2089858483,0ecaa5967403d082aa24f35e1b516d23)
Start importing Assets/Game/ErbGameArt/3D Lasers Pack/Demo scene lasers/If you want to use lasers in 2D.txt using Guid(553b667b1d6b00c4db2f323ccabc1bac) Importer(2089858483,0ecaa5967403d082aa24f35e1b516d23) [PhysX] Initialized MultithreadedTaskDispatcher with 10 workers.
 -> (artifact id: '5dfe275d71f3830719b080f8b480f7ef') in 0.003576 seconds
Number of updated asset objects reloaded before import = 0
Number of asset objects unloaded after import = 1
========================================================================
Received Import Request.
  Time since last request: 0.000063 seconds.
  path: Assets/Game/ErbGameArt/3D Lasers Pack/Textures/Trail21.png
  artifactKey: Guid(0d1fb353c40bd6345af42a3b4f0bdb1a) Importer(2089858483,0ecaa5967403d082aa24f35e1b516d23)
Start importing Assets/Game/ErbGameArt/3D Lasers Pack/Textures/Trail21.png using Guid(0d1fb353c40bd6345af42a3b4f0bdb1a) Importer(2089858483,0ecaa5967403d082aa24f35e1b516d23) [PhysX] Initialized MultithreadedTaskDispatcher with 10 workers.
 -> (artifact id: 'e730b201affb42f37a11c0856c3b64a4') in 0.006953 seconds
Number of updated asset objects reloaded before import = 0
Number of asset objects unloaded after import = 1
========================================================================
Received Import Request.
  Time since last request: 0.000097 seconds.
  path: Assets/Game/ErbGameArt/3D Lasers Pack/Materials/SparkExolosion1bcg.mat
  artifactKey: Guid(3cdb7774cf6350d4f9b279edce3d08be) Importer(2089858483,0ecaa5967403d082aa24f35e1b516d23)
Start importing Assets/Game/ErbGameArt/3D Lasers Pack/Materials/SparkExolosion1bcg.mat using Guid(3cdb7774cf6350d4f9b279edce3d08be) Importer(2089858483,0ecaa5967403d082aa24f35e1b516d23) [PhysX] Initialized MultithreadedTaskDispatcher with 10 workers.
 -> (artifact id: '6a569278e1dc72de9e94155d3f208e90') in 0.004621 seconds
Number of updated asset objects reloaded before import = 0
Number of asset objects unloaded after import = 2
========================================================================
Received Import Request.
  Time since last request: 0.000051 seconds.
  path: Assets/Game/ErbGameArt/3D Lasers Pack/Materials/Flare4cg.mat
  artifactKey: Guid(8a6e728ea97b2bf4399f7190a57a3735) Importer(2089858483,0ecaa5967403d082aa24f35e1b516d23)
Start importing Assets/Game/ErbGameArt/3D Lasers Pack/Materials/Flare4cg.mat using Guid(8a6e728ea97b2bf4399f7190a57a3735) Importer(2089858483,0ecaa5967403d082aa24f35e1b516d23) [PhysX] Initialized MultithreadedTaskDispatcher with 10 workers.
 -> (artifact id: '4b74e8bc4bba6204a7e6de457736a996') in 0.002701 seconds
Number of updated asset objects reloaded before import = 0
Number of asset objects unloaded after import = 2
========================================================================
Received Import Request.
  Time since last request: 0.000063 seconds.
  path: Assets/ExampleAssets/Textures/Props/Paint/Paintbrush_Albedo.tif
  artifactKey: Guid(4675081b0baf66345adc734388155502) Importer(2089858483,0ecaa5967403d082aa24f35e1b516d23)
Start importing Assets/ExampleAssets/Textures/Props/Paint/Paintbrush_Albedo.tif using Guid(4675081b0baf66345adc734388155502) Importer(2089858483,0ecaa5967403d082aa24f35e1b516d23) [PhysX] Initialized MultithreadedTaskDispatcher with 10 workers.
 -> (artifact id: '13a73443fc6a53daa036485a88b03829') in 0.006994 seconds
Number of updated asset objects reloaded before import = 0
Number of asset objects unloaded after import = 1
========================================================================
Received Import Request.
  Time since last request: 0.000117 seconds.
  path: Assets/Game/ErbGameArt/3D Lasers Pack/Prefabs/Laser beam 8.prefab
  artifactKey: Guid(d8823133cab18b84587a4f0365df9cff) Importer(2089858483,0ecaa5967403d082aa24f35e1b516d23)
Start importing Assets/Game/ErbGameArt/3D Lasers Pack/Prefabs/Laser beam 8.prefab using Guid(d8823133cab18b84587a4f0365df9cff) Importer(2089858483,0ecaa5967403d082aa24f35e1b516d23) [PhysX] Initialized MultithreadedTaskDispatcher with 10 workers.
 -> (artifact id: '3ea659a30f3a328af7ec1bef781613e7') in 0.007321 seconds
Number of updated asset objects reloaded before import = 0
Number of asset objects unloaded after import = 46
========================================================================
Received Import Request.
  Time since last request: 0.000033 seconds.
  path: Assets/Game/ErbGameArt/3D Lasers Pack/Textures/Trail6.png
  artifactKey: Guid(5c03bc4b80b50384a9904843f3769487) Importer(2089858483,0ecaa5967403d082aa24f35e1b516d23)
Start importing Assets/Game/ErbGameArt/3D Lasers Pack/Textures/Trail6.png using Guid(5c03bc4b80b50384a9904843f3769487) Importer(2089858483,0ecaa5967403d082aa24f35e1b516d23) [PhysX] Initialized MultithreadedTaskDispatcher with 10 workers.
 -> (artifact id: '3f0e6d3c90587e7ff1b7a8dbbb1f0280') in 0.006942 seconds
Number of updated asset objects reloaded before import = 0
Number of asset objects unloaded after import = 1
========================================================================
Received Import Request.
  Time since last request: 0.000056 seconds.
  path: Assets/Game/ErbGameArt/3D Lasers Pack/Prefabs/Laser beam 7.prefab
  artifactKey: Guid(30f45a15e0a47a943912fda204502b81) Importer(2089858483,0ecaa5967403d082aa24f35e1b516d23)
Start importing Assets/Game/ErbGameArt/3D Lasers Pack/Prefabs/Laser beam 7.prefab using Guid(30f45a15e0a47a943912fda204502b81) Importer(2089858483,0ecaa5967403d082aa24f35e1b516d23) [PhysX] Initialized MultithreadedTaskDispatcher with 10 workers.
 -> (artifact id: 'bc936943267363019f475b0061eeba74') in 0.007120 seconds
Number of updated asset objects reloaded before import = 0
Number of asset objects unloaded after import = 34
========================================================================
Received Import Request.
  Time since last request: 0.000027 seconds.
  path: Assets/Game/ErbGameArt/3D Lasers Pack/Textures/Smoke3.png
  artifactKey: Guid(52b767eecc2845a429e0e9e2155a8ea5) Importer(2089858483,0ecaa5967403d082aa24f35e1b516d23)
Start importing Assets/Game/ErbGameArt/3D Lasers Pack/Textures/Smoke3.png using Guid(52b767eecc2845a429e0e9e2155a8ea5) Importer(2089858483,0ecaa5967403d082aa24f35e1b516d23) [PhysX] Initialized MultithreadedTaskDispatcher with 10 workers.
 -> (artifact id: '118859355cbfa543112d1b9a5486f173') in 0.008006 seconds
Number of updated asset objects reloaded before import = 0
Number of asset objects unloaded after import = 1
========================================================================
Received Import Request.
  Time since last request: 0.000087 seconds.
  path: Assets/Game/ErbGameArt/3D Lasers Pack/Materials/Laser4.mat
  artifactKey: Guid(0d3e242c629574a4c995a95736b6e5c7) Importer(2089858483,0ecaa5967403d082aa24f35e1b516d23)
Start importing Assets/Game/ErbGameArt/3D Lasers Pack/Materials/Laser4.mat using Guid(0d3e242c629574a4c995a95736b6e5c7) Importer(2089858483,0ecaa5967403d082aa24f35e1b516d23) [PhysX] Initialized MultithreadedTaskDispatcher with 10 workers.
 -> (artifact id: 'b1022b118735f1e214116aa183a7dc6f') in 0.003710 seconds
Number of updated asset objects reloaded before import = 0
Number of asset objects unloaded after import = 3
========================================================================
Received Import Request.
  Time since last request: 0.000041 seconds.
  path: Assets/Game/ErbGameArt/3D Lasers Pack/Prefabs/MyLaser.prefab
  artifactKey: Guid(65be112acd91bd14daf2a581c00314e7) Importer(2089858483,0ecaa5967403d082aa24f35e1b516d23)
Start importing Assets/Game/ErbGameArt/3D Lasers Pack/Prefabs/MyLaser.prefab using Guid(65be112acd91bd14daf2a581c00314e7) Importer(2089858483,0ecaa5967403d082aa24f35e1b516d23) [PhysX] Initialized MultithreadedTaskDispatcher with 10 workers.
 -> (artifact id: '8e8a3a8979e711350416287ee6134554') in 0.007152 seconds
Number of updated asset objects reloaded before import = 0
Number of asset objects unloaded after import = 51
========================================================================
Received Import Request.
  Time since last request: 0.000033 seconds.
  path: Assets/Game/ErbGameArt/3D Lasers Pack/Materials/Mask23cg.mat
  artifactKey: Guid(6df1fc7e055a3a449a00125fb6ff7325) Importer(2089858483,0ecaa5967403d082aa24f35e1b516d23)
Start importing Assets/Game/ErbGameArt/3D Lasers Pack/Materials/Mask23cg.mat using Guid(6df1fc7e055a3a449a00125fb6ff7325) Importer(2089858483,0ecaa5967403d082aa24f35e1b516d23) [PhysX] Initialized MultithreadedTaskDispatcher with 10 workers.
 -> (artifact id: 'f3748607d11508707ddeaebc6f165b00') in 0.005322 seconds
Number of updated asset objects reloaded before import = 0
Number of asset objects unloaded after import = 2
========================================================================
Received Import Request.
  Time since last request: 0.000037 seconds.
  path: Assets/Game/ErbGameArt/3D Lasers Pack/Prefabs/Laser beam 3.prefab
  artifactKey: Guid(280b8b1393d77f148a8cbcfc7f36e116) Importer(2089858483,0ecaa5967403d082aa24f35e1b516d23)
Start importing Assets/Game/ErbGameArt/3D Lasers Pack/Prefabs/Laser beam 3.prefab using Guid(280b8b1393d77f148a8cbcfc7f36e116) Importer(2089858483,0ecaa5967403d082aa24f35e1b516d23) [PhysX] Initialized MultithreadedTaskDispatcher with 10 workers.
 -> (artifact id: 'b3409a910ac9b7fc8fc13c8495634806') in 0.006464 seconds
Number of updated asset objects reloaded before import = 0
Number of asset objects unloaded after import = 43
========================================================================
Received Import Request.
  Time since last request: 0.000023 seconds.
  path: Assets/Game/ErbGameArt/3D Lasers Pack/Textures/HandPaintedLightning2.png
  artifactKey: Guid(e1f5daa4611af4844a03ec5a45012456) Importer(2089858483,0ecaa5967403d082aa24f35e1b516d23)
Start importing Assets/Game/ErbGameArt/3D Lasers Pack/Textures/HandPaintedLightning2.png using Guid(e1f5daa4611af4844a03ec5a45012456) Importer(2089858483,0ecaa5967403d082aa24f35e1b516d23) [PhysX] Initialized MultithreadedTaskDispatcher with 10 workers.
 -> (artifact id: '8a37fa2fdba849b85de944387579b0e5') in 0.008839 seconds
Number of updated asset objects reloaded before import = 0
Number of asset objects unloaded after import = 1
========================================================================
Received Import Request.
  Time since last request: 0.000059 seconds.
  path: Assets/Game/ErbGameArt/3D Lasers Pack/Demo scene lasers/ReflectionProbe-0.exr
  artifactKey: Guid(bfac3d98caa04c74f9937e9a413a2104) Importer(2089858483,0ecaa5967403d082aa24f35e1b516d23)
Start importing Assets/Game/ErbGameArt/3D Lasers Pack/Demo scene lasers/ReflectionProbe-0.exr using Guid(bfac3d98caa04c74f9937e9a413a2104) Importer(2089858483,0ecaa5967403d082aa24f35e1b516d23) [PhysX] Initialized MultithreadedTaskDispatcher with 10 workers.
 -> (artifact id: '4ce6115d10fcaf4b688d0ad4bd107a9d') in 0.010032 seconds
Number of updated asset objects reloaded before import = 0
Number of asset objects unloaded after import = 1
========================================================================
Received Import Request.
  Time since last request: 0.000056 seconds.
  path: Assets/Game/ErbGameArt/3D Lasers Pack/Materials/Semicircle6bcg.mat
  artifactKey: Guid(e10acc4b68a4e7b4eaa75206eacf0d19) Importer(2089858483,0ecaa5967403d082aa24f35e1b516d23)
Start importing Assets/Game/ErbGameArt/3D Lasers Pack/Materials/Semicircle6bcg.mat using Guid(e10acc4b68a4e7b4eaa75206eacf0d19) Importer(2089858483,0ecaa5967403d082aa24f35e1b516d23) [PhysX] Initialized MultithreadedTaskDispatcher with 10 workers.
 -> (artifact id: '29dea4088005f35d4cdb7fde396c9dea') in 0.003105 seconds
Number of updated asset objects reloaded before import = 0
Number of asset objects unloaded after import = 2
========================================================================
Received Import Request.
  Time since last request: 0.000044 seconds.
  path: Assets/Game/ErbGameArt/3D Lasers Pack/Prefabs/Laser beam 5.prefab
  artifactKey: Guid(5ef207190f0475843a714c18f0be30a4) Importer(2089858483,0ecaa5967403d082aa24f35e1b516d23)
Start importing Assets/Game/ErbGameArt/3D Lasers Pack/Prefabs/Laser beam 5.prefab using Guid(5ef207190f0475843a714c18f0be30a4) Importer(2089858483,0ecaa5967403d082aa24f35e1b516d23) [PhysX] Initialized MultithreadedTaskDispatcher with 10 workers.
 -> (artifact id: '7ee16827d484623f61cb96a8c1951faf') in 0.005996 seconds
Number of updated asset objects reloaded before import = 0
Number of asset objects unloaded after import = 42
========================================================================
Received Import Request.
  Time since last request: 0.000025 seconds.
  path: Assets/Game/ErbGameArt/3D Lasers Pack/Prefabs/Laser beam 9.prefab
  artifactKey: Guid(7ebc3741ac6927149872ca7c601b09d4) Importer(2089858483,0ecaa5967403d082aa24f35e1b516d23)
Start importing Assets/Game/ErbGameArt/3D Lasers Pack/Prefabs/Laser beam 9.prefab using Guid(7ebc3741ac6927149872ca7c601b09d4) Importer(2089858483,0ecaa5967403d082aa24f35e1b516d23) [PhysX] Initialized MultithreadedTaskDispatcher with 10 workers.
 -> (artifact id: 'f5705a614e0b3833a12046d06b5a5f5a') in 0.007101 seconds
Number of updated asset objects reloaded before import = 0
Number of asset objects unloaded after import = 38
========================================================================
Received Import Request.
  Time since last request: 0.000028 seconds.
  path: Assets/Game/ErbGameArt/3D Lasers Pack/Materials/SmokeBCG.mat
  artifactKey: Guid(ad117d9f7f62bb94690a823d11b394ad) Importer(2089858483,0ecaa5967403d082aa24f35e1b516d23)
Start importing Assets/Game/ErbGameArt/3D Lasers Pack/Materials/SmokeBCG.mat using Guid(ad117d9f7f62bb94690a823d11b394ad) Importer(2089858483,0ecaa5967403d082aa24f35e1b516d23) [PhysX] Initialized MultithreadedTaskDispatcher with 10 workers.
 -> (artifact id: 'de4b83aecfcee1933c63dfe472d13da6') in 0.002949 seconds
Number of updated asset objects reloaded before import = 0
Number of asset objects unloaded after import = 2
========================================================================
Received Import Request.
  Time since last request: 0.000060 seconds.
  path: Assets/Game/ErbGameArt/3D Lasers Pack/Demo scene lasers/EGA_DemoLasers.cs
  artifactKey: Guid(6af44eb64ff318b42a219a7abd31ff20) Importer(2089858483,0ecaa5967403d082aa24f35e1b516d23)
Start importing Assets/Game/ErbGameArt/3D Lasers Pack/Demo scene lasers/EGA_DemoLasers.cs using Guid(6af44eb64ff318b42a219a7abd31ff20) Importer(2089858483,0ecaa5967403d082aa24f35e1b516d23) [PhysX] Initialized MultithreadedTaskDispatcher with 10 workers.
 -> (artifact id: '5f07f73c409a9c6f7b84a918aeca66de') in 0.001871 seconds
Number of updated asset objects reloaded before import = 0
Number of asset objects unloaded after import = 1
========================================================================
Received Import Request.
  Time since last request: 0.158817 seconds.
  path: Assets/LucirgoSoft/LCRG Skyboxes/Nigth/Materials/LS SkyBox Nigth 02.mat
  artifactKey: Guid(b3b56ce4247f52c4f9aee5235d019833) Importer(2089858483,0ecaa5967403d082aa24f35e1b516d23)
Start importing Assets/LucirgoSoft/LCRG Skyboxes/Nigth/Materials/LS SkyBox Nigth 02.mat using Guid(b3b56ce4247f52c4f9aee5235d019833) Importer(2089858483,0ecaa5967403d082aa24f35e1b516d23) [PhysX] Initialized MultithreadedTaskDispatcher with 10 workers.
 -> (artifact id: 'a19d680243e79a41900d6269aba93659') in 0.010713 seconds
Number of updated asset objects reloaded before import = 0
Number of asset objects unloaded after import = 7
========================================================================
Received Import Request.
  Time since last request: 0.000033 seconds.
  path: Assets/LucirgoSoft/LCRG Skyboxes/Nigth/Textures/LS nigth 01_out_5.png
  artifactKey: Guid(5d8c0fcfcf4d41c4d9fca0d42aa1a9b8) Importer(2089858483,0ecaa5967403d082aa24f35e1b516d23)
Start importing Assets/LucirgoSoft/LCRG Skyboxes/Nigth/Textures/LS nigth 01_out_5.png using Guid(5d8c0fcfcf4d41c4d9fca0d42aa1a9b8) Importer(2089858483,0ecaa5967403d082aa24f35e1b516d23) [PhysX] Initialized MultithreadedTaskDispatcher with 10 workers.
 -> (artifact id: '6ac86e543dccb5dc88303acbb85e53d4') in 0.009504 seconds
Number of updated asset objects reloaded before import = 0
Number of asset objects unloaded after import = 1
========================================================================
Received Import Request.
  Time since last request: 0.000086 seconds.
  path: Assets/LucirgoSoft/LCRG Skyboxes/Nigth/Textures/LS nigth 04_out_1.png
  artifactKey: Guid(9a14520559e3d31429c6a601879ee78c) Importer(2089858483,0ecaa5967403d082aa24f35e1b516d23)
Start importing Assets/LucirgoSoft/LCRG Skyboxes/Nigth/Textures/LS nigth 04_out_1.png using Guid(9a14520559e3d31429c6a601879ee78c) Importer(2089858483,0ecaa5967403d082aa24f35e1b516d23) [PhysX] Initialized MultithreadedTaskDispatcher with 10 workers.
 -> (artifact id: '5479090979ab4370feff64ee0d7dd8ab') in 0.009306 seconds
Number of updated asset objects reloaded before import = 0
Number of asset objects unloaded after import = 1
========================================================================
Received Import Request.
  Time since last request: 0.000125 seconds.
  path: Assets/LucirgoSoft/LCRG Skyboxes/Nigth/Textures/LS nigth 01_out_4.png
  artifactKey: Guid(a213c62569941184b8aa461de7505c59) Importer(2089858483,0ecaa5967403d082aa24f35e1b516d23)
Start importing Assets/LucirgoSoft/LCRG Skyboxes/Nigth/Textures/LS nigth 01_out_4.png using Guid(a213c62569941184b8aa461de7505c59) Importer(2089858483,0ecaa5967403d082aa24f35e1b516d23) [PhysX] Initialized MultithreadedTaskDispatcher with 10 workers.
 -> (artifact id: '633b11324f6dab9fa17cb389df360152') in 0.007212 seconds
Number of updated asset objects reloaded before import = 0
Number of asset objects unloaded after import = 1
========================================================================
Received Import Request.
  Time since last request: 0.000142 seconds.
  path: Assets/LucirgoSoft/LCRG Skyboxes/Nigth/Textures/LS nigth 04_out_3.png
  artifactKey: Guid(e62a4bbf8f18af249a2f37d65cff8282) Importer(2089858483,0ecaa5967403d082aa24f35e1b516d23)
Start importing Assets/LucirgoSoft/LCRG Skyboxes/Nigth/Textures/LS nigth 04_out_3.png using Guid(e62a4bbf8f18af249a2f37d65cff8282) Importer(2089858483,0ecaa5967403d082aa24f35e1b516d23) [PhysX] Initialized MultithreadedTaskDispatcher with 10 workers.
 -> (artifact id: '6b991fc7f9ff4e21c522f8ef7d61e2a1') in 0.009019 seconds
Number of updated asset objects reloaded before import = 0
Number of asset objects unloaded after import = 1
========================================================================
Received Import Request.
  Time since last request: 0.000063 seconds.
  path: Assets/LucirgoSoft/LCRG Skyboxes/Nigth/Textures/LS nigth 01_out_0.png
  artifactKey: Guid(6ac546517cfaac6448f48818c038ea5f) Importer(2089858483,0ecaa5967403d082aa24f35e1b516d23)
Start importing Assets/LucirgoSoft/LCRG Skyboxes/Nigth/Textures/LS nigth 01_out_0.png using Guid(6ac546517cfaac6448f48818c038ea5f) Importer(2089858483,0ecaa5967403d082aa24f35e1b516d23) [PhysX] Initialized MultithreadedTaskDispatcher with 10 workers.
 -> (artifact id: '35ce585a57f0555c0b4a64ccf6182900') in 0.008201 seconds
Number of updated asset objects reloaded before import = 0
Number of asset objects unloaded after import = 1
========================================================================
Received Import Request.
  Time since last request: 0.000053 seconds.
  path: Assets/LucirgoSoft/LCRG Skyboxes/Nigth/Textures/LS nigth 05_out_4.png
  artifactKey: Guid(6046d7291af51cc4a8fdc1334ceb403e) Importer(2089858483,0ecaa5967403d082aa24f35e1b516d23)
Start importing Assets/LucirgoSoft/LCRG Skyboxes/Nigth/Textures/LS nigth 05_out_4.png using Guid(6046d7291af51cc4a8fdc1334ceb403e) Importer(2089858483,0ecaa5967403d082aa24f35e1b516d23) [PhysX] Initialized MultithreadedTaskDispatcher with 10 workers.
 -> (artifact id: '8181a8336184ced48cdc699676c024d9') in 0.007185 seconds
Number of updated asset objects reloaded before import = 0
Number of asset objects unloaded after import = 1
========================================================================
Received Import Request.
  Time since last request: 0.000073 seconds.
  path: Assets/LucirgoSoft/LCRG Skyboxes/Nigth/Textures/LS nigth 03_out_2.png
  artifactKey: Guid(53ae3cc8dc3839141a31fab1b1ca03e0) Importer(2089858483,0ecaa5967403d082aa24f35e1b516d23)
Start importing Assets/LucirgoSoft/LCRG Skyboxes/Nigth/Textures/LS nigth 03_out_2.png using Guid(53ae3cc8dc3839141a31fab1b1ca03e0) Importer(2089858483,0ecaa5967403d082aa24f35e1b516d23) [PhysX] Initialized MultithreadedTaskDispatcher with 10 workers.
 -> (artifact id: '2335578dc3238e10f266c7d6dbac2b32') in 0.008727 seconds
Number of updated asset objects reloaded before import = 0
Number of asset objects unloaded after import = 1
========================================================================
Received Import Request.
  Time since last request: 0.000085 seconds.
  path: Assets/LucirgoSoft/LCRG Skyboxes/Nigth/Textures/LS nigth 03_out_5.png
  artifactKey: Guid(264e8e26db9e15c41aec4945e51742c0) Importer(2089858483,0ecaa5967403d082aa24f35e1b516d23)
Start importing Assets/LucirgoSoft/LCRG Skyboxes/Nigth/Textures/LS nigth 03_out_5.png using Guid(264e8e26db9e15c41aec4945e51742c0) Importer(2089858483,0ecaa5967403d082aa24f35e1b516d23) [PhysX] Initialized MultithreadedTaskDispatcher with 10 workers.
 -> (artifact id: '39edc5b24029702af7f55f845b1209b0') in 0.007722 seconds
Number of updated asset objects reloaded before import = 0
Number of asset objects unloaded after import = 1
========================================================================
Received Import Request.
  Time since last request: 0.000072 seconds.
  path: Assets/LucirgoSoft/LCRG Skyboxes/Nigth/Textures/LS nigth 05_out_0.png
  artifactKey: Guid(7cdeac32303a57343805c01c42d998f2) Importer(2089858483,0ecaa5967403d082aa24f35e1b516d23)
Start importing Assets/LucirgoSoft/LCRG Skyboxes/Nigth/Textures/LS nigth 05_out_0.png using Guid(7cdeac32303a57343805c01c42d998f2) Importer(2089858483,0ecaa5967403d082aa24f35e1b516d23) [PhysX] Initialized MultithreadedTaskDispatcher with 10 workers.
 -> (artifact id: '4c82392614dc8618094c517a1c5fdda8') in 0.009314 seconds
Number of updated asset objects reloaded before import = 0
Number of asset objects unloaded after import = 1
========================================================================
Received Import Request.
  Time since last request: 0.000062 seconds.
  path: Assets/LucirgoSoft/LCRG Skyboxes/Nigth/Textures/LS nigth 04_out_0.png
  artifactKey: Guid(ef3fa0ee21bbaed44b520d47157de1f3) Importer(2089858483,0ecaa5967403d082aa24f35e1b516d23)
Start importing Assets/LucirgoSoft/LCRG Skyboxes/Nigth/Textures/LS nigth 04_out_0.png using Guid(ef3fa0ee21bbaed44b520d47157de1f3) Importer(2089858483,0ecaa5967403d082aa24f35e1b516d23) [PhysX] Initialized MultithreadedTaskDispatcher with 10 workers.
 -> (artifact id: 'c77cf59a88c173d73a767b672582f896') in 0.008978 seconds
Number of updated asset objects reloaded before import = 0
Number of asset objects unloaded after import = 1
========================================================================
Received Import Request.
  Time since last request: 0.000064 seconds.
  path: Assets/LucirgoSoft/LCRG Skyboxes/Nigth/Textures/LS nigth 05_out_2.png
  artifactKey: Guid(5b2c2dd51ea6e854eb70143bda620185) Importer(2089858483,0ecaa5967403d082aa24f35e1b516d23)
Start importing Assets/LucirgoSoft/LCRG Skyboxes/Nigth/Textures/LS nigth 05_out_2.png using Guid(5b2c2dd51ea6e854eb70143bda620185) Importer(2089858483,0ecaa5967403d082aa24f35e1b516d23) [PhysX] Initialized MultithreadedTaskDispatcher with 10 workers.
 -> (artifact id: '743fba8bf4eaa17b1c235e3404349037') in 0.007108 seconds
Number of updated asset objects reloaded before import = 0
Number of asset objects unloaded after import = 1
========================================================================
Received Import Request.
  Time since last request: 0.000066 seconds.
  path: Assets/LucirgoSoft/LCRG Skyboxes/Nigth/Prev scenes/Animations/SbkyBox Nigths.asset
  artifactKey: Guid(8311d7df60c9e0841a177e0b262bdddf) Importer(2089858483,0ecaa5967403d082aa24f35e1b516d23)
Start importing Assets/LucirgoSoft/LCRG Skyboxes/Nigth/Prev scenes/Animations/SbkyBox Nigths.asset using Guid(8311d7df60c9e0841a177e0b262bdddf) Importer(2089858483,0ecaa5967403d082aa24f35e1b516d23) [PhysX] Initialized MultithreadedTaskDispatcher with 10 workers.
 -> (artifact id: '7cd0ceaa82388486ad44e4f7354b9de1') in 0.001496 seconds
Number of updated asset objects reloaded before import = 0
Number of asset objects unloaded after import = 1
========================================================================
Received Import Request.
  Time since last request: 0.000040 seconds.
  path: Assets/LucirgoSoft/LCRG Skyboxes/Nigth/Textures/LS nigth 04_out_5.png
  artifactKey: Guid(875bcc0f83b9b6a419ed952c80690e3e) Importer(2089858483,0ecaa5967403d082aa24f35e1b516d23)
Start importing Assets/LucirgoSoft/LCRG Skyboxes/Nigth/Textures/LS nigth 04_out_5.png using Guid(875bcc0f83b9b6a419ed952c80690e3e) Importer(2089858483,0ecaa5967403d082aa24f35e1b516d23) [PhysX] Initialized MultithreadedTaskDispatcher with 10 workers.
 -> (artifact id: '91c497a292405eab06622763b9d549ca') in 0.008946 seconds
Number of updated asset objects reloaded before import = 0
Number of asset objects unloaded after import = 1
========================================================================
Received Import Request.
  Time since last request: 0.000075 seconds.
  path: Assets/LucirgoSoft/LCRG Skyboxes/Nigth/Textures/LS nigth 01_out_3.png
  artifactKey: Guid(e00efea04df20d4408f5e6c190448079) Importer(2089858483,0ecaa5967403d082aa24f35e1b516d23)
Start importing Assets/LucirgoSoft/LCRG Skyboxes/Nigth/Textures/LS nigth 01_out_3.png using Guid(e00efea04df20d4408f5e6c190448079) Importer(2089858483,0ecaa5967403d082aa24f35e1b516d23) [PhysX] Initialized MultithreadedTaskDispatcher with 10 workers.
 -> (artifact id: 'bf44cf19b6591fc40c8b529f5765b752') in 0.008173 seconds
Number of updated asset objects reloaded before import = 0
Number of asset objects unloaded after import = 1
========================================================================
Received Import Request.
  Time since last request: 0.000043 seconds.
  path: Assets/LucirgoSoft/LCRG Skyboxes/Nigth/Textures/LS nigth 04_out_2.png
  artifactKey: Guid(5b611513fb1e5b34388401b2417153d0) Importer(2089858483,0ecaa5967403d082aa24f35e1b516d23)
Start importing Assets/LucirgoSoft/LCRG Skyboxes/Nigth/Textures/LS nigth 04_out_2.png using Guid(5b611513fb1e5b34388401b2417153d0) Importer(2089858483,0ecaa5967403d082aa24f35e1b516d23) [PhysX] Initialized MultithreadedTaskDispatcher with 10 workers.
 -> (artifact id: 'd021b21bd2d98407de9463717c6656f3') in 0.007608 seconds
Number of updated asset objects reloaded before import = 0
Number of asset objects unloaded after import = 1
========================================================================
Received Import Request.
  Time since last request: 0.000098 seconds.
  path: Assets/LucirgoSoft/LCRG Skyboxes/Nigth/Textures/LS nigth 05_out_1.png
  artifactKey: Guid(244acf026312e194b95269544458b329) Importer(2089858483,0ecaa5967403d082aa24f35e1b516d23)
Start importing Assets/LucirgoSoft/LCRG Skyboxes/Nigth/Textures/LS nigth 05_out_1.png using Guid(244acf026312e194b95269544458b329) Importer(2089858483,0ecaa5967403d082aa24f35e1b516d23) [PhysX] Initialized MultithreadedTaskDispatcher with 10 workers.
 -> (artifact id: 'eaecad33185cbcc9af92ddc9e184f0e8') in 0.008607 seconds
Number of updated asset objects reloaded before import = 0
Number of asset objects unloaded after import = 1
========================================================================
Received Import Request.
  Time since last request: 0.000080 seconds.
  path: Assets/LucirgoSoft/LCRG Skyboxes/Nigth/Prev scenes/LS SkyBox Nigth 02.unity
  artifactKey: Guid(3cf66fa6b8d692a4fb05718f9adc4f6f) Importer(2089858483,0ecaa5967403d082aa24f35e1b516d23)
Start importing Assets/LucirgoSoft/LCRG Skyboxes/Nigth/Prev scenes/LS SkyBox Nigth 02.unity using Guid(3cf66fa6b8d692a4fb05718f9adc4f6f) Importer(2089858483,0ecaa5967403d082aa24f35e1b516d23) [PhysX] Initialized MultithreadedTaskDispatcher with 10 workers.
 -> (artifact id: '2974af8eab7dcfba905a01fac688b512') in 0.001537 seconds
Number of updated asset objects reloaded before import = 0
Number of asset objects unloaded after import = 1
========================================================================
Received Import Request.
  Time since last request: 0.000093 seconds.
  path: Assets/LucirgoSoft/LCRG Skyboxes/Nigth/Textures/LS nigth 02_out_4.png
  artifactKey: Guid(4736e6ac3219e51438f3d47fdfbf1156) Importer(2089858483,0ecaa5967403d082aa24f35e1b516d23)
Start importing Assets/LucirgoSoft/LCRG Skyboxes/Nigth/Textures/LS nigth 02_out_4.png using Guid(4736e6ac3219e51438f3d47fdfbf1156) Importer(2089858483,0ecaa5967403d082aa24f35e1b516d23) [PhysX] Initialized MultithreadedTaskDispatcher with 10 workers.
 -> (artifact id: 'a6e7c00cdb0937b6cbba004c25e95222') in 0.008329 seconds
Number of updated asset objects reloaded before import = 0
Number of asset objects unloaded after import = 1
========================================================================
Received Import Request.
  Time since last request: 0.000092 seconds.
  path: Assets/LucirgoSoft/LCRG Skyboxes/Nigth/Textures/LS nigth 05_out_3.png
  artifactKey: Guid(c3da0fe1c955fcf4290f4e24bc903b30) Importer(2089858483,0ecaa5967403d082aa24f35e1b516d23)
Start importing Assets/LucirgoSoft/LCRG Skyboxes/Nigth/Textures/LS nigth 05_out_3.png using Guid(c3da0fe1c955fcf4290f4e24bc903b30) Importer(2089858483,0ecaa5967403d082aa24f35e1b516d23) [PhysX] Initialized MultithreadedTaskDispatcher with 10 workers.
 -> (artifact id: 'd31f153514f11f97d928fc9e72b1a1c8') in 0.006757 seconds
Number of updated asset objects reloaded before import = 0
Number of asset objects unloaded after import = 1
