Unity Editor version:    2022.3.62f2 (7670c08855a9)
Branch:                  2022.3/respin/2022.3.62f2-4af31df585-v2
Build type:              Release
Batch mode:              YES
macOS version:           Version 14.4 (Build 23E214)
Darwin version:          23.4.0
Architecture:            arm64
Running under Rosetta:   NO
Available memory:        16384 MB
Using pre-set license
Pro License: YES

COMMAND LINE ARGUMENTS:
/Applications/Unity/Hub/Editor/2022.3.62f2/Unity.app/Contents/MacOS/Unity
-adb2
-batchMode
-noUpm
-name
AssetImportWorker0
-projectPath
/Users/owais/Documents/Light-House
-logFile
Logs/AssetImportWorker0.log
-srvPort
49791
Successfully changed project path to: /Users/owais/Documents/Light-House
/Users/owais/Documents/Light-House
[UnityMemory] Configuration Parameters - Can be set up in boot.config
    "memorysetup-bucket-allocator-granularity=16"
    "memorysetup-bucket-allocator-bucket-count=8"
    "memorysetup-bucket-allocator-block-size=33554432"
    "memorysetup-bucket-allocator-block-count=8"
    "memorysetup-main-allocator-block-size=16777216"
    "memorysetup-thread-allocator-block-size=16777216"
    "memorysetup-gfx-main-allocator-block-size=16777216"
    "memorysetup-gfx-thread-allocator-block-size=16777216"
    "memorysetup-cache-allocator-block-size=4194304"
    "memorysetup-typetree-allocator-block-size=2097152"
    "memorysetup-profiler-bucket-allocator-granularity=16"
    "memorysetup-profiler-bucket-allocator-bucket-count=8"
    "memorysetup-profiler-bucket-allocator-block-size=33554432"
    "memorysetup-profiler-bucket-allocator-block-count=8"
    "memorysetup-profiler-allocator-block-size=16777216"
    "memorysetup-profiler-editor-allocator-block-size=1048576"
    "memorysetup-temp-allocator-size-main=16777216"
    "memorysetup-job-temp-allocator-block-size=2097152"
    "memorysetup-job-temp-allocator-block-size-background=1048576"
    "memorysetup-job-temp-allocator-reduction-small-platforms=262144"
    "memorysetup-allocator-temp-initial-block-size-main=262144"
    "memorysetup-allocator-temp-initial-block-size-worker=262144"
    "memorysetup-temp-allocator-size-background-worker=32768"
    "memorysetup-temp-allocator-size-job-worker=262144"
    "memorysetup-temp-allocator-size-preload-manager=33554432"
    "memorysetup-temp-allocator-size-nav-mesh-worker=65536"
    "memorysetup-temp-allocator-size-audio-worker=65536"
    "memorysetup-temp-allocator-size-cloud-worker=32768"
    "memorysetup-temp-allocator-size-gi-baking-worker=262144"
    "memorysetup-temp-allocator-size-gfx=262144"
Player connection [8512387776]  Target information:

Player connection [8512387776]  * "[IP] 192.168.100.6 [Port] 0 [Flags] 2 [Guid] 2888929108 [EditorId] 2888929108 [Version] 1048832 [Id] OSXEditor(0,Owaiss-MacBook-Pro.local) [Debug] 1 [PackageName] OSXEditor [ProjectName] Editor" 

Player connection [8512387776]  * "[IP] 169.254.63.171 [Port] 0 [Flags] 2 [Guid] 2888929108 [EditorId] 2888929108 [Version] 1048832 [Id] OSXEditor(0,Owaiss-MacBook-Pro.local) [Debug] 1 [PackageName] OSXEditor [ProjectName] Editor" 

Player connection [8512387776] Host joined multi-casting on [225.0.0.222:54997]...
Player connection [8512387776] Host joined alternative multi-casting on [225.0.0.222:34997]...
Input System module state changed to: Initialized.
[PhysX] Initialized MultithreadedTaskDispatcher with 10 workers.
Refreshing native plugins compatible for Editor in 1.40 ms, found 2 plugins.
Preloading 0 native plugins for Editor in 0.00 ms.
Initialize engine version: 2022.3.62f2 (7670c08855a9)
[Subsystems] Discovering subsystems at path /Applications/Unity/Hub/Editor/2022.3.62f2/Unity.app/Contents/Resources/UnitySubsystems
[Subsystems] Discovering subsystems at path /Users/owais/Documents/Light-House/Assets
GfxDevice: creating device client; threaded=0; jobified=0
 preferred device: Apple M1 Pro (high power)
Metal devices available: 1
0: Apple M1 Pro (high power)
Using device Apple M1 Pro (high power)
Initializing Metal device caps: Apple M1 Pro
Initialize mono
Mono path[0] = '/Applications/Unity/Hub/Editor/2022.3.62f2/Unity.app/Contents/Managed'
Mono path[1] = '/Applications/Unity/Hub/Editor/2022.3.62f2/Unity.app/Contents/MonoBleedingEdge/lib/mono/unityjit-macos'
Mono config path = '/Applications/Unity/Hub/Editor/2022.3.62f2/Unity.app/Contents/MonoBleedingEdge/etc'
Using monoOptions --debugger-agent=transport=dt_socket,embedding=1,server=y,suspend=n,address=127.0.0.1:56664
Begin MonoManager ReloadAssembly
Registering precompiled unity dll's ...
Register platform support module: /Applications/Unity/Hub/Editor/2022.3.62f2/PlaybackEngines/WebGLSupport/UnityEditor.WebGL.Extensions.dll
Register platform support module: /Applications/Unity/Hub/Editor/2022.3.62f2/Unity.app/Contents/PlaybackEngines/MacStandaloneSupport/UnityEditor.OSXStandalone.Extensions.dll
Register platform support module: /Applications/Unity/Hub/Editor/2022.3.62f2/PlaybackEngines/AndroidPlayer/UnityEditor.Android.Extensions.dll
Register platform support module: /Applications/Unity/Hub/Editor/2022.3.62f2/PlaybackEngines/iOSSupport/UnityEditor.iOS.Extensions.dll
Registered in 0.001751 seconds.
- Loaded All Assemblies, in  0.202 seconds
[usbmuxd] Start listen thread
[usbmuxd] Listen thread started
[usbmuxd] Send listen message
[usbmuxd] Attached: 2 00008101-001A41003AB9001E
Native extension for iOS target not found
Native extension for Android target not found
Android Extension - Scanning For ADB Devices 71 ms
Native extension for OSXStandalone target not found
Native extension for WebGL target not found
Mono: successfully reloaded assembly
- Finished resetting the current domain, in  0.311 seconds
Domain Reload Profiling: 514ms
	BeginReloadAssembly (43ms)
		ExecutionOrderSort (0ms)
		DisableScriptedObjects (0ms)
		BackupInstance (0ms)
		ReleaseScriptingObjects (0ms)
		CreateAndSetChildDomain (0ms)
	RebuildCommonClasses (24ms)
	RebuildNativeTypeToScriptingClass (8ms)
	initialDomainReloadingComplete (28ms)
	LoadAllAssembliesAndSetupDomain (100ms)
		LoadAssemblies (43ms)
		RebuildTransferFunctionScriptingTraits (0ms)
		AnalyzeDomain (98ms)
			TypeCache.Refresh (97ms)
				TypeCache.ScanAssembly (88ms)
			ScanForSourceGeneratedMonoScriptInfo (0ms)
			ResolveRequiredComponents (0ms)
	FinalizeReload (311ms)
		ReleaseScriptCaches (0ms)
		RebuildScriptCaches (0ms)
		SetupLoadedEditorAssemblies (282ms)
			LogAssemblyErrors (0ms)
			InitializePlatformSupportModulesInManaged (190ms)
			SetLoadedEditorAssemblies (3ms)
			RefreshPlugins (0ms)
			BeforeProcessingInitializeOnLoad (2ms)
			ProcessInitializeOnLoadAttributes (63ms)
			ProcessInitializeOnLoadMethodAttributes (24ms)
			AfterProcessingInitializeOnLoad (0ms)
			EditorAssembliesLoaded (0ms)
		ExecutionOrderSort2 (0ms)
		AwakeInstancesAfterBackupRestoration (0ms)
========================================================================
Worker process is ready to serve import requests
Caller must complete domain reload
Begin MonoManager ReloadAssembly
- Loaded All Assemblies, in  0.252 seconds
Native extension for iOS target not found
2026-05-04 15:00:30.683 Unity[8664:59978] [XcodeApplications] Failed to read NSDictionary from path h/Contents/Info.plist
Native extension for Android target not found
Native extension for OSXStandalone target not found
Native extension for WebGL target not found
Mono: successfully reloaded assembly
- Finished resetting the current domain, in  0.342 seconds
Domain Reload Profiling: 594ms
	BeginReloadAssembly (73ms)
		ExecutionOrderSort (0ms)
		DisableScriptedObjects (3ms)
		BackupInstance (0ms)
		ReleaseScriptingObjects (0ms)
		CreateAndSetChildDomain (18ms)
	RebuildCommonClasses (23ms)
	RebuildNativeTypeToScriptingClass (8ms)
	initialDomainReloadingComplete (21ms)
	LoadAllAssembliesAndSetupDomain (127ms)
		LoadAssemblies (99ms)
		RebuildTransferFunctionScriptingTraits (0ms)
		AnalyzeDomain (61ms)
			TypeCache.Refresh (54ms)
				TypeCache.ScanAssembly (44ms)
			ScanForSourceGeneratedMonoScriptInfo (4ms)
			ResolveRequiredComponents (2ms)
	FinalizeReload (342ms)
		ReleaseScriptCaches (0ms)
		RebuildScriptCaches (0ms)
		SetupLoadedEditorAssemblies (234ms)
			LogAssemblyErrors (0ms)
			InitializePlatformSupportModulesInManaged (18ms)
			SetLoadedEditorAssemblies (2ms)
			RefreshPlugins (0ms)
			BeforeProcessingInitializeOnLoad (25ms)
			ProcessInitializeOnLoadAttributes (177ms)
			ProcessInitializeOnLoadMethodAttributes (11ms)
			AfterProcessingInitializeOnLoad (1ms)
			EditorAssembliesLoaded (0ms)
		ExecutionOrderSort2 (0ms)
		AwakeInstancesAfterBackupRestoration (2ms)
Launching external process: /Applications/Unity/Hub/Editor/2022.3.62f2/Unity.app/Contents/Tools/UnityShaderCompiler
Launched and connected shader compiler UnityShaderCompiler after 0.03 seconds
Refreshing native plugins compatible for Editor in 0.46 ms, found 2 plugins.
Preloading 0 native plugins for Editor in 0.00 ms.
Unloading 1605 Unused Serialized files (Serialized files now loaded: 0)
Unloading 26 unused Assets / (2.0 MB). Loaded Objects now: 2076.
Memory consumption went from 110.9 MB to 108.9 MB.
Total: 2.393083 ms (FindLiveObjects: 0.063667 ms CreateObjectMapping: 0.021875 ms MarkObjects: 2.016750 ms  DeleteObjects: 0.290250 ms)

AssetImportParameters requested are different than current active one (requested -> active):
  custom:video-decoder-webm-vp8: 9c59270c3fd7afecdb556c50c9e8de78 -> 
  custom:SearchIndexIgnoredProperties: e643bd26f0fe6173181afceb89e7c659 -> 
  custom:container-demuxer-ogg: 62fdf1f143b41e24485cea50d1cbac27 -> 
  custom:AudioImporter_EditorPlatform: 3918e3fc78b5a79bad01e8451be0beb8 -> 
  custom:video-decoder-ogg-theora: a1e56fd34408186e4bbccfd4996cb3dc -> 
  custom:framework-osx-AVFoundation: e770b220cccbd017edd2c1fefb359320 -> 
  custom:video-encoder-webm-vp8: eb34c28f22e8b96e1ab97ce403110664 -> 
  custom:audio-decoder-ogg-vorbis: bf7c407c2cedff20999df2af8eb42d56 -> 
  custom:CustomObjectIndexerAttribute: 9a22284fe3817be447336de3de66b15e -> 
  custom:container-demuxer-webm: 4f35f7cbe854078d1ac9338744f61a02 -> 
  custom:audio-encoder-webm-vorbis: bf7c407c2cedff20999df2af8eb42d56 -> 
  custom:container-muxer-webm: aa71ff27fc2769a1b78a27578f13a17b -> 
========================================================================
Received Import Request.
  Time since last request: 3139.541278 seconds.
  path: Assets/TutorialInfo/Icons/UniversalIcon.png
  artifactKey: Guid(7801804018a7dcf42abb827444e18660) Importer(2089858483,0ecaa5967403d082aa24f35e1b516d23)
Start importing Assets/TutorialInfo/Icons/UniversalIcon.png using Guid(7801804018a7dcf42abb827444e18660) Importer(2089858483,0ecaa5967403d082aa24f35e1b516d23) [PhysX] Initialized MultithreadedTaskDispatcher with 10 workers.
 -> (artifact id: '5cf80ff68b5b97912db9e9b5c1815357') in 0.068052 seconds
Number of updated asset objects reloaded before import = 0
Number of asset objects unloaded after import = 1
========================================================================
Received Import Request.
  Time since last request: 0.000044 seconds.
  path: Assets/ExampleAssets/Materials/Plastic_White_Mat.mat
  artifactKey: Guid(6cfe423139c361a459da7ed9831d4b1c) Importer(2089858483,0ecaa5967403d082aa24f35e1b516d23)
Start importing Assets/ExampleAssets/Materials/Plastic_White_Mat.mat using Guid(6cfe423139c361a459da7ed9831d4b1c) Importer(2089858483,0ecaa5967403d082aa24f35e1b516d23) [PhysX] Initialized MultithreadedTaskDispatcher with 10 workers.
 -> (artifact id: '4576645f18b48681e750de314291a918') in 0.007546 seconds
Number of updated asset objects reloaded before import = 0
Number of asset objects unloaded after import = 1
========================================================================
Received Import Request.
  Time since last request: 0.000113 seconds.
  path: Assets/ExampleAssets/Materials/Strap_Mat.mat
  artifactKey: Guid(81c1860e7800e5340bf8a54c565ba9ea) Importer(2089858483,0ecaa5967403d082aa24f35e1b516d23)
Start importing Assets/ExampleAssets/Materials/Strap_Mat.mat using Guid(81c1860e7800e5340bf8a54c565ba9ea) Importer(2089858483,0ecaa5967403d082aa24f35e1b516d23) [PhysX] Initialized MultithreadedTaskDispatcher with 10 workers.
 -> (artifact id: 'bf8747baccd12eb6f0843033845e2589') in 0.002071 seconds
Number of updated asset objects reloaded before import = 0
Number of asset objects unloaded after import = 1
========================================================================
Received Import Request.
  Time since last request: 0.000080 seconds.
  path: Assets/ExampleAssets/Models/small_plane.fbx
  artifactKey: Guid(aeaee610429f51f44981e141eb2a3545) Importer(2089858483,0ecaa5967403d082aa24f35e1b516d23)
Start importing Assets/ExampleAssets/Models/small_plane.fbx using Guid(aeaee610429f51f44981e141eb2a3545) Importer(2089858483,0ecaa5967403d082aa24f35e1b516d23) [PhysX] Initialized MultithreadedTaskDispatcher with 10 workers.
 -> (artifact id: '1f2f583fbfbbe843ac3b1ba5de4eb7ed') in 0.036189 seconds
Number of updated asset objects reloaded before import = 0
Number of asset objects unloaded after import = 8
========================================================================
Received Import Request.
  Time since last request: 0.000046 seconds.
  path: Assets/Game/Data/CameraData.asset
  artifactKey: Guid(0f61204ceb4f97a43be587b3f6f516ef) Importer(2089858483,0ecaa5967403d082aa24f35e1b516d23)
Start importing Assets/Game/Data/CameraData.asset using Guid(0f61204ceb4f97a43be587b3f6f516ef) Importer(2089858483,0ecaa5967403d082aa24f35e1b516d23) [PhysX] Initialized MultithreadedTaskDispatcher with 10 workers.
 -> (artifact id: '9d637443ba85321f5438c0778e5d0a81') in 0.008546 seconds
Number of updated asset objects reloaded before import = 0
Number of asset objects unloaded after import = 1
========================================================================
Received Import Request.
  Time since last request: 0.000086 seconds.
  path: Assets/ExampleAssets/Materials/Stud_Mat.mat
  artifactKey: Guid(027cb3d3d7dc79d41ad763e01759de07) Importer(2089858483,0ecaa5967403d082aa24f35e1b516d23)
Start importing Assets/ExampleAssets/Materials/Stud_Mat.mat using Guid(027cb3d3d7dc79d41ad763e01759de07) Importer(2089858483,0ecaa5967403d082aa24f35e1b516d23) [PhysX] Initialized MultithreadedTaskDispatcher with 10 workers.
 -> (artifact id: '05d22e0c1f3705bd0ab0c3c3cac134b9') in 0.002305 seconds
Number of updated asset objects reloaded before import = 0
Number of asset objects unloaded after import = 1
========================================================================
Received Import Request.
  Time since last request: 0.000073 seconds.
  path: Assets/ExampleAssets/Materials/Ground_Mat.mat
  artifactKey: Guid(d92ef32394b5f474385d74b565a7bdd7) Importer(2089858483,0ecaa5967403d082aa24f35e1b516d23)
Start importing Assets/ExampleAssets/Materials/Ground_Mat.mat using Guid(d92ef32394b5f474385d74b565a7bdd7) Importer(2089858483,0ecaa5967403d082aa24f35e1b516d23) [PhysX] Initialized MultithreadedTaskDispatcher with 10 workers.
 -> (artifact id: '8b77a5a58cd16651c7cb04e82e60d96b') in 0.002268 seconds
Number of updated asset objects reloaded before import = 0
Number of asset objects unloaded after import = 1
========================================================================
Received Import Request.
  Time since last request: 0.000123 seconds.
  path: Assets/Game/Scripts/MoveCamera.cs
  artifactKey: Guid(b9525b925621cf4408d0cf6eb5c43937) Importer(2089858483,0ecaa5967403d082aa24f35e1b516d23)
Start importing Assets/Game/Scripts/MoveCamera.cs using Guid(b9525b925621cf4408d0cf6eb5c43937) Importer(2089858483,0ecaa5967403d082aa24f35e1b516d23) [PhysX] Initialized MultithreadedTaskDispatcher with 10 workers.
 -> (artifact id: '034e4cd96d21457f58a80900faa570d0') in 0.003343 seconds
Number of updated asset objects reloaded before import = 0
Number of asset objects unloaded after import = 1
========================================================================
Received Import Request.
  Time since last request: 0.000105 seconds.
  path: Assets/TutorialInfo/Layout.wlt
  artifactKey: Guid(eabc9546105bf4accac1fd62a63e88e6) Importer(2089858483,0ecaa5967403d082aa24f35e1b516d23)
Start importing Assets/TutorialInfo/Layout.wlt using Guid(eabc9546105bf4accac1fd62a63e88e6) Importer(2089858483,0ecaa5967403d082aa24f35e1b516d23) [PhysX] Initialized MultithreadedTaskDispatcher with 10 workers.
 -> (artifact id: '4f949b488d3f2965683c812d5711a10e') in 0.001189 seconds
Number of updated asset objects reloaded before import = 0
Number of asset objects unloaded after import = 1
========================================================================
Received Import Request.
  Time since last request: 0.000090 seconds.
  path: Assets/Presets/UtilityTexture.preset
  artifactKey: Guid(45f7b2e3c78185248b3adbb14429c2ab) Importer(2089858483,0ecaa5967403d082aa24f35e1b516d23)
Start importing Assets/Presets/UtilityTexture.preset using Guid(45f7b2e3c78185248b3adbb14429c2ab) Importer(2089858483,0ecaa5967403d082aa24f35e1b516d23) [PhysX] Initialized MultithreadedTaskDispatcher with 10 workers.
 -> (artifact id: 'df341bfa5a519dae33eafd7b90dd5dcc') in 0.004090 seconds
Number of updated asset objects reloaded before import = 0
Number of asset objects unloaded after import = 1
========================================================================
Received Import Request.
  Time since last request: 0.000174 seconds.
  path: Assets/CUbeEmission.mat
  artifactKey: Guid(36ad10c0118e5bf45a72e9f49aaeeb89) Importer(2089858483,0ecaa5967403d082aa24f35e1b516d23)
Start importing Assets/CUbeEmission.mat using Guid(36ad10c0118e5bf45a72e9f49aaeeb89) Importer(2089858483,0ecaa5967403d082aa24f35e1b516d23) [PhysX] Initialized MultithreadedTaskDispatcher with 10 workers.
 -> (artifact id: 'eeadfc89bf60752fb3aedf8b93f8004d') in 0.002711 seconds
Number of updated asset objects reloaded before import = 0
Number of asset objects unloaded after import = 1
========================================================================
Received Import Request.
  Time since last request: 0.000121 seconds.
  path: Assets/ExampleAssets/Materials/Plastic_Gray_Mat.mat
  artifactKey: Guid(4dad30bbe2213eb4d8312f7bb6190866) Importer(2089858483,0ecaa5967403d082aa24f35e1b516d23)
Start importing Assets/ExampleAssets/Materials/Plastic_Gray_Mat.mat using Guid(4dad30bbe2213eb4d8312f7bb6190866) Importer(2089858483,0ecaa5967403d082aa24f35e1b516d23) [PhysX] Initialized MultithreadedTaskDispatcher with 10 workers.
 -> (artifact id: 'e3ffe40263d4fe0ae15a3f24ba1ced21') in 0.002187 seconds
Number of updated asset objects reloaded before import = 0
Number of asset objects unloaded after import = 1
========================================================================
Received Import Request.
  Time since last request: 0.000117 seconds.
  path: Assets/TutorialInfo/Icons/Help_Icon.png
  artifactKey: Guid(34f556d724b1bbf4097ca6220db2c581) Importer(2089858483,0ecaa5967403d082aa24f35e1b516d23)
Start importing Assets/TutorialInfo/Icons/Help_Icon.png using Guid(34f556d724b1bbf4097ca6220db2c581) Importer(2089858483,0ecaa5967403d082aa24f35e1b516d23) [PhysX] Initialized MultithreadedTaskDispatcher with 10 workers.
 -> (artifact id: 'a2aef681d43975a3b2f892d299015f45') in 0.007538 seconds
Number of updated asset objects reloaded before import = 0
Number of asset objects unloaded after import = 1
========================================================================
Received Import Request.
  Time since last request: 0.000152 seconds.
  path: Assets/Game/Scenes/GamePlay.unity
  artifactKey: Guid(32917086f162802498c1f23977dcb76f) Importer(2089858483,0ecaa5967403d082aa24f35e1b516d23)
Start importing Assets/Game/Scenes/GamePlay.unity using Guid(32917086f162802498c1f23977dcb76f) Importer(2089858483,0ecaa5967403d082aa24f35e1b516d23) [PhysX] Initialized MultithreadedTaskDispatcher with 10 workers.
 -> (artifact id: 'cd3651062544b9b6b6baad99e2dfc8ec') in 0.001499 seconds
Number of updated asset objects reloaded before import = 0
Number of asset objects unloaded after import = 1
========================================================================
Received Import Request.
  Time since last request: 0.000139 seconds.
  path: Assets/ExampleAssets/Models/safetyhat_low.fbx
  artifactKey: Guid(9d0d902f71acfe646a46cb625f815a49) Importer(2089858483,0ecaa5967403d082aa24f35e1b516d23)
Start importing Assets/ExampleAssets/Models/safetyhat_low.fbx using Guid(9d0d902f71acfe646a46cb625f815a49) Importer(2089858483,0ecaa5967403d082aa24f35e1b516d23) [PhysX] Initialized MultithreadedTaskDispatcher with 10 workers.
 -> (artifact id: 'e24a8d6077da2da24010b7d763ef21de') in 0.010131 seconds
Number of updated asset objects reloaded before import = 0
Number of asset objects unloaded after import = 8
========================================================================
Received Import Request.
  Time since last request: 0.000069 seconds.
  path: Assets/Game/GameManager.cs
  artifactKey: Guid(efe1c8a374e46284a84d6b502380ed4c) Importer(2089858483,0ecaa5967403d082aa24f35e1b516d23)
Start importing Assets/Game/GameManager.cs using Guid(efe1c8a374e46284a84d6b502380ed4c) Importer(2089858483,0ecaa5967403d082aa24f35e1b516d23) [PhysX] Initialized MultithreadedTaskDispatcher with 10 workers.
 -> (artifact id: '85e719e82671cf37e60b1a64ed998cda') in 0.002099 seconds
Number of updated asset objects reloaded before import = 0
Number of asset objects unloaded after import = 1
========================================================================
Received Import Request.
  Time since last request: 0.000096 seconds.
  path: Assets/ExampleAssets/Textures/Concrete/Ground_Albedo.tif
  artifactKey: Guid(87ce03bd447ccce48bbff87ac0d8355f) Importer(2089858483,0ecaa5967403d082aa24f35e1b516d23)
Start importing Assets/ExampleAssets/Textures/Concrete/Ground_Albedo.tif using Guid(87ce03bd447ccce48bbff87ac0d8355f) Importer(2089858483,0ecaa5967403d082aa24f35e1b516d23) [PhysX] Initialized MultithreadedTaskDispatcher with 10 workers.
 -> (artifact id: 'e5488f7de6e77c836abfecb4124a5679') in 0.007674 seconds
Number of updated asset objects reloaded before import = 0
Number of asset objects unloaded after import = 1
========================================================================
Received Import Request.
  Time since last request: 0.000132 seconds.
  path: Assets/Presets/Defaults/DirectionalLight_Default.preset
  artifactKey: Guid(463065d4f17d1d94d848aa127b94dd43) Importer(2089858483,0ecaa5967403d082aa24f35e1b516d23)
Start importing Assets/Presets/Defaults/DirectionalLight_Default.preset using Guid(463065d4f17d1d94d848aa127b94dd43) Importer(2089858483,0ecaa5967403d082aa24f35e1b516d23) [PhysX] Initialized MultithreadedTaskDispatcher with 10 workers.
 -> (artifact id: 'c0a1be9f7d6273375cb06a0fb0b2fd51') in 0.002348 seconds
Number of updated asset objects reloaded before import = 0
Number of asset objects unloaded after import = 1
========================================================================
Received Import Request.
  Time since last request: 0.000101 seconds.
  path: Assets/ExampleAssets/Materials/Hammer_Mat.mat
  artifactKey: Guid(4efcffd7ae23f1e41943fd914b18da10) Importer(2089858483,0ecaa5967403d082aa24f35e1b516d23)
Start importing Assets/ExampleAssets/Materials/Hammer_Mat.mat using Guid(4efcffd7ae23f1e41943fd914b18da10) Importer(2089858483,0ecaa5967403d082aa24f35e1b516d23) [PhysX] Initialized MultithreadedTaskDispatcher with 10 workers.
 -> (artifact id: 'b42e48fb25751def55e1313ef8b56924') in 0.001818 seconds
Number of updated asset objects reloaded before import = 0
Number of asset objects unloaded after import = 1
========================================================================
Received Import Request.
  Time since last request: 0.000096 seconds.
  path: Assets/ExampleAssets/Materials/Metal_Simple_Mat.mat
  artifactKey: Guid(a0427cf339e5891468d5f2b433b2d44a) Importer(2089858483,0ecaa5967403d082aa24f35e1b516d23)
Start importing Assets/ExampleAssets/Materials/Metal_Simple_Mat.mat using Guid(a0427cf339e5891468d5f2b433b2d44a) Importer(2089858483,0ecaa5967403d082aa24f35e1b516d23) [PhysX] Initialized MultithreadedTaskDispatcher with 10 workers.
 -> (artifact id: 'fd6c8e1233fcf41f341beb443f908d15') in 0.002035 seconds
Number of updated asset objects reloaded before import = 0
Number of asset objects unloaded after import = 1
========================================================================
Received Import Request.
  Time since last request: 0.000093 seconds.
  path: Assets/ExampleAssets/Prefabs/Construction Light Low.prefab
  artifactKey: Guid(bf0a225a9ff184f2789f3036faaa9150) Importer(2089858483,0ecaa5967403d082aa24f35e1b516d23)
Start importing Assets/ExampleAssets/Prefabs/Construction Light Low.prefab using Guid(bf0a225a9ff184f2789f3036faaa9150) Importer(2089858483,0ecaa5967403d082aa24f35e1b516d23) [PhysX] Initialized MultithreadedTaskDispatcher with 10 workers.
 -> (artifact id: '2660934cbe1b17448bf4c530cb4deaf9') in 0.002763 seconds
Number of updated asset objects reloaded before import = 0
Number of asset objects unloaded after import = 22
========================================================================
Received Import Request.
  Time since last request: 0.000038 seconds.
  path: Assets/ExampleAssets/Textures/Drywall/Drywall_Normal.tif
  artifactKey: Guid(e231e4c02c48ee14aafa55f7b1a843c1) Importer(2089858483,0ecaa5967403d082aa24f35e1b516d23)
Start importing Assets/ExampleAssets/Textures/Drywall/Drywall_Normal.tif using Guid(e231e4c02c48ee14aafa55f7b1a843c1) Importer(2089858483,0ecaa5967403d082aa24f35e1b516d23) [PhysX] Initialized MultithreadedTaskDispatcher with 10 workers.
 -> (artifact id: 'd4f5cc26e7d264efe03871530102b9f4') in 0.007959 seconds
Number of updated asset objects reloaded before import = 0
Number of asset objects unloaded after import = 1
========================================================================
Received Import Request.
  Time since last request: 0.000100 seconds.
  path: Assets/Game/ENv/Env_Textures.psd
  artifactKey: Guid(d835229d0825a8941a7171c33c36897f) Importer(2089858483,0ecaa5967403d082aa24f35e1b516d23)
Start importing Assets/Game/ENv/Env_Textures.psd using Guid(d835229d0825a8941a7171c33c36897f) Importer(2089858483,0ecaa5967403d082aa24f35e1b516d23) [PhysX] Initialized MultithreadedTaskDispatcher with 10 workers.
 -> (artifact id: '9f98aa0a238e8570dd1b67223dd389bb') in 0.007999 seconds
Number of updated asset objects reloaded before import = 0
Number of asset objects unloaded after import = 1
========================================================================
Received Import Request.
  Time since last request: 0.001034 seconds.
  path: Assets/Settings/SampleSceneProfile.asset
  artifactKey: Guid(10fc4df2da32a41aaa32d77bc913491c) Importer(2089858483,0ecaa5967403d082aa24f35e1b516d23)
Start importing Assets/Settings/SampleSceneProfile.asset using Guid(10fc4df2da32a41aaa32d77bc913491c) Importer(2089858483,0ecaa5967403d082aa24f35e1b516d23) [PhysX] Initialized MultithreadedTaskDispatcher with 10 workers.
 -> (artifact id: '5e0da58ba7188c6da2c69e3da7e19b8f') in 0.001647 seconds
Number of updated asset objects reloaded before import = 0
Number of asset objects unloaded after import = 1
========================================================================
Received Import Request.
  Time since last request: 0.000070 seconds.
  path: Assets/Game/Scripts/Data/CameraData.cs
  artifactKey: Guid(8df9f0cb94dae9b4a93831b987963d32) Importer(2089858483,0ecaa5967403d082aa24f35e1b516d23)
Start importing Assets/Game/Scripts/Data/CameraData.cs using Guid(8df9f0cb94dae9b4a93831b987963d32) Importer(2089858483,0ecaa5967403d082aa24f35e1b516d23) [PhysX] Initialized MultithreadedTaskDispatcher with 10 workers.
 -> (artifact id: 'de45294e1ba76209793b3a0168c81c1a') in 0.001829 seconds
Number of updated asset objects reloaded before import = 0
Number of asset objects unloaded after import = 1
========================================================================
Received Import Request.
  Time since last request: 0.000094 seconds.
  path: Assets/Game/2D/Sprites/DefaultSprite.png
  artifactKey: Guid(03c4a479a011b3e44bda1bf2da0f844c) Importer(2089858483,0ecaa5967403d082aa24f35e1b516d23)
Start importing Assets/Game/2D/Sprites/DefaultSprite.png using Guid(03c4a479a011b3e44bda1bf2da0f844c) Importer(2089858483,0ecaa5967403d082aa24f35e1b516d23) [PhysX] Initialized MultithreadedTaskDispatcher with 10 workers.
 -> (artifact id: 'd48b28fccb706a315aca0e254436c568') in 0.010293 seconds
Number of updated asset objects reloaded before import = 0
Number of asset objects unloaded after import = 3
========================================================================
Received Import Request.
  Time since last request: 0.000062 seconds.
  path: Assets/ExampleAssets/Textures/Metal/Metal_Albedo.tif
  artifactKey: Guid(77583f99dea53b641804bb357092ec83) Importer(2089858483,0ecaa5967403d082aa24f35e1b516d23)
Start importing Assets/ExampleAssets/Textures/Metal/Metal_Albedo.tif using Guid(77583f99dea53b641804bb357092ec83) Importer(2089858483,0ecaa5967403d082aa24f35e1b516d23) [PhysX] Initialized MultithreadedTaskDispatcher with 10 workers.
 -> (artifact id: '4a3ff9891cd7b1028abac294c8dc272d') in 0.007532 seconds
Number of updated asset objects reloaded before import = 0
Number of asset objects unloaded after import = 1
========================================================================
Received Import Request.
  Time since last request: 0.000097 seconds.
  path: Assets/ExampleAssets/Textures/Props/Jigsaw/Jigsaw_MetallicOcculusionSmoothness.tif
  artifactKey: Guid(3017ed6fed9d3bb49ba99bf738e2d626) Importer(2089858483,0ecaa5967403d082aa24f35e1b516d23)
Start importing Assets/ExampleAssets/Textures/Props/Jigsaw/Jigsaw_MetallicOcculusionSmoothness.tif using Guid(3017ed6fed9d3bb49ba99bf738e2d626) Importer(2089858483,0ecaa5967403d082aa24f35e1b516d23) [PhysX] Initialized MultithreadedTaskDispatcher with 10 workers.
 -> (artifact id: 'd5cabd643314e2cf8193fce08e1b6281') in 0.007265 seconds
Number of updated asset objects reloaded before import = 0
Number of asset objects unloaded after import = 1
========================================================================
Received Import Request.
  Time since last request: 0.000077 seconds.
  path: Assets/ExampleAssets/Textures/Plastic/Plastic_AlbedoSmoothness.tif
  artifactKey: Guid(1f89fed00b6bc904c861ab847a811cb8) Importer(2089858483,0ecaa5967403d082aa24f35e1b516d23)
Start importing Assets/ExampleAssets/Textures/Plastic/Plastic_AlbedoSmoothness.tif using Guid(1f89fed00b6bc904c861ab847a811cb8) Importer(2089858483,0ecaa5967403d082aa24f35e1b516d23) [PhysX] Initialized MultithreadedTaskDispatcher with 10 workers.
 -> (artifact id: '7ddde6e54b2b6ad7852fe31870cea2e7') in 0.007929 seconds
Number of updated asset objects reloaded before import = 0
Number of asset objects unloaded after import = 1
========================================================================
Received Import Request.
  Time since last request: 0.000076 seconds.
  path: Assets/ExampleAssets/Textures/Plastic/PlasticRidges_Albedo.tif
  artifactKey: Guid(ecb23393a0d1b424a82fff68a4c00a66) Importer(2089858483,0ecaa5967403d082aa24f35e1b516d23)
Start importing Assets/ExampleAssets/Textures/Plastic/PlasticRidges_Albedo.tif using Guid(ecb23393a0d1b424a82fff68a4c00a66) Importer(2089858483,0ecaa5967403d082aa24f35e1b516d23) [PhysX] Initialized MultithreadedTaskDispatcher with 10 workers.
 -> (artifact id: '3cb20f978122ac9a5d30501c008f4c5c') in 0.007882 seconds
Number of updated asset objects reloaded before import = 0
Number of asset objects unloaded after import = 1
========================================================================
Received Import Request.
  Time since last request: 0.000093 seconds.
  path: Assets/ExampleAssets/Textures/Wood/OBS_Normal.tif
  artifactKey: Guid(fcce267dfc966b6408dc2ebe0cfb60ed) Importer(2089858483,0ecaa5967403d082aa24f35e1b516d23)
Start importing Assets/ExampleAssets/Textures/Wood/OBS_Normal.tif using Guid(fcce267dfc966b6408dc2ebe0cfb60ed) Importer(2089858483,0ecaa5967403d082aa24f35e1b516d23) [PhysX] Initialized MultithreadedTaskDispatcher with 10 workers.
 -> (artifact id: '0a34001e5a6cfab4a7d730a871e49a18') in 0.006632 seconds
Number of updated asset objects reloaded before import = 0
Number of asset objects unloaded after import = 1
========================================================================
Received Import Request.
  Time since last request: 0.000071 seconds.
  path: Assets/ExampleAssets/Textures/Wood/Plywood_MetallicOcculusionSmoothness.tif
  artifactKey: Guid(2e38f7921b7d7b1418ab63c08117ffb8) Importer(2089858483,0ecaa5967403d082aa24f35e1b516d23)
Start importing Assets/ExampleAssets/Textures/Wood/Plywood_MetallicOcculusionSmoothness.tif using Guid(2e38f7921b7d7b1418ab63c08117ffb8) Importer(2089858483,0ecaa5967403d082aa24f35e1b516d23) [PhysX] Initialized MultithreadedTaskDispatcher with 10 workers.
 -> (artifact id: '55be55c203984a6563ec3b0ad022bd4b') in 0.008520 seconds
Number of updated asset objects reloaded before import = 0
Number of asset objects unloaded after import = 1
========================================================================
Received Import Request.
  Time since last request: 0.000106 seconds.
  path: Assets/ExampleAssets/Textures/Props/Construction_Light/ConstructionLight_MetallicOcculusionSmoothness.tif
  artifactKey: Guid(9a81f1a59f171804e84fce76584bdcb7) Importer(2089858483,0ecaa5967403d082aa24f35e1b516d23)
Start importing Assets/ExampleAssets/Textures/Props/Construction_Light/ConstructionLight_MetallicOcculusionSmoothness.tif using Guid(9a81f1a59f171804e84fce76584bdcb7) Importer(2089858483,0ecaa5967403d082aa24f35e1b516d23) [PhysX] Initialized MultithreadedTaskDispatcher with 10 workers.
 -> (artifact id: '1d41cfbe39ea635ce54d279191e769dd') in 0.008525 seconds
Number of updated asset objects reloaded before import = 0
Number of asset objects unloaded after import = 1
========================================================================
Received Import Request.
  Time since last request: 0.000090 seconds.
  path: Assets/ExampleAssets/Textures/Metal/Metal_Normal.tif
  artifactKey: Guid(3b0b7c1f4ac9f6b499e27cf84e722ff4) Importer(2089858483,0ecaa5967403d082aa24f35e1b516d23)
Start importing Assets/ExampleAssets/Textures/Metal/Metal_Normal.tif using Guid(3b0b7c1f4ac9f6b499e27cf84e722ff4) Importer(2089858483,0ecaa5967403d082aa24f35e1b516d23) [PhysX] Initialized MultithreadedTaskDispatcher with 10 workers.
 -> (artifact id: '9c8811d921ec859d3079c887359f911a') in 0.006517 seconds
Number of updated asset objects reloaded before import = 0
Number of asset objects unloaded after import = 1
========================================================================
Received Import Request.
  Time since last request: 0.000095 seconds.
  path: Assets/ExampleAssets/Textures/Metal/Metal_MetallicSmoothness.tif
  artifactKey: Guid(40da0395b61db4448b98bab66d6b549c) Importer(2089858483,0ecaa5967403d082aa24f35e1b516d23)
Start importing Assets/ExampleAssets/Textures/Metal/Metal_MetallicSmoothness.tif using Guid(40da0395b61db4448b98bab66d6b549c) Importer(2089858483,0ecaa5967403d082aa24f35e1b516d23) [PhysX] Initialized MultithreadedTaskDispatcher with 10 workers.
 -> (artifact id: '1e214600c50ff224747ab373d3d16b7e') in 0.007760 seconds
Number of updated asset objects reloaded before import = 0
Number of asset objects unloaded after import = 1
========================================================================
Received Import Request.
  Time since last request: 0.000128 seconds.
  path: Assets/Game/ENv/Materials/env_brighter.mat
  artifactKey: Guid(1014186aaa1ce59459c42e15cfcc32ae) Importer(2089858483,0ecaa5967403d082aa24f35e1b516d23)
Start importing Assets/Game/ENv/Materials/env_brighter.mat using Guid(1014186aaa1ce59459c42e15cfcc32ae) Importer(2089858483,0ecaa5967403d082aa24f35e1b516d23) [PhysX] Initialized MultithreadedTaskDispatcher with 10 workers.
 -> (artifact id: '01938d2ca78560818d0a0e20eb41387c') in 0.003715 seconds
Number of updated asset objects reloaded before import = 0
Number of asset objects unloaded after import = 3
========================================================================
Received Import Request.
  Time since last request: 0.000074 seconds.
  path: Assets/ExampleAssets/Textures/Props/HardHat/SafetyHat_Normal.tif
  artifactKey: Guid(d608c45da8580c9408ee50eb9a8c40f3) Importer(2089858483,0ecaa5967403d082aa24f35e1b516d23)
Start importing Assets/ExampleAssets/Textures/Props/HardHat/SafetyHat_Normal.tif using Guid(d608c45da8580c9408ee50eb9a8c40f3) Importer(2089858483,0ecaa5967403d082aa24f35e1b516d23) [PhysX] Initialized MultithreadedTaskDispatcher with 10 workers.
 -> (artifact id: '3f568d685e4296a596c2a644bc6db9c1') in 0.008002 seconds
Number of updated asset objects reloaded before import = 0
Number of asset objects unloaded after import = 1
========================================================================
Received Import Request.
  Time since last request: 0.000076 seconds.
  path: Assets/Game/LaserManager.cs
  artifactKey: Guid(1b00ca611b38f704d83c8ddca0afb7da) Importer(2089858483,0ecaa5967403d082aa24f35e1b516d23)
Start importing Assets/Game/LaserManager.cs using Guid(1b00ca611b38f704d83c8ddca0afb7da) Importer(2089858483,0ecaa5967403d082aa24f35e1b516d23) [PhysX] Initialized MultithreadedTaskDispatcher with 10 workers.
 -> (artifact id: 'e6e959dd06a673eca9837c5b39199bbd') in 0.001974 seconds
Number of updated asset objects reloaded before import = 0
Number of asset objects unloaded after import = 1
========================================================================
Received Import Request.
  Time since last request: 0.000085 seconds.
  path: Assets/Game/DebugButtons.cs
  artifactKey: Guid(94921108115577749af49f29c1515983) Importer(2089858483,0ecaa5967403d082aa24f35e1b516d23)
Start importing Assets/Game/DebugButtons.cs using Guid(94921108115577749af49f29c1515983) Importer(2089858483,0ecaa5967403d082aa24f35e1b516d23) [PhysX] Initialized MultithreadedTaskDispatcher with 10 workers.
 -> (artifact id: '251c7a6a67e075b0a875d391277d6d86') in 0.001825 seconds
Number of updated asset objects reloaded before import = 0
Number of asset objects unloaded after import = 1
========================================================================
Received Import Request.
  Time since last request: 0.000086 seconds.
  path: Assets/Settings/ForwardRenderer.asset
  artifactKey: Guid(4a8e21d5c33334b11b34a596161b9360) Importer(2089858483,0ecaa5967403d082aa24f35e1b516d23)
Start importing Assets/Settings/ForwardRenderer.asset using Guid(4a8e21d5c33334b11b34a596161b9360) Importer(2089858483,0ecaa5967403d082aa24f35e1b516d23) [PhysX] Initialized MultithreadedTaskDispatcher with 10 workers.
 -> (artifact id: '06e0d71fa768b28ad1a040c9c6cf259f') in 0.002522 seconds
Number of updated asset objects reloaded before import = 0
Number of asset objects unloaded after import = 1
========================================================================
Received Import Request.
  Time since last request: 0.000122 seconds.
  path: Assets/Game/CustomLaser.cs
  artifactKey: Guid(d73be54ffbc4bc44aa3e81d7a4fd9f49) Importer(2089858483,0ecaa5967403d082aa24f35e1b516d23)
Start importing Assets/Game/CustomLaser.cs using Guid(d73be54ffbc4bc44aa3e81d7a4fd9f49) Importer(2089858483,0ecaa5967403d082aa24f35e1b516d23) [PhysX] Initialized MultithreadedTaskDispatcher with 10 workers.
 -> (artifact id: '42688e10ca9b9801ce0cbf1bb3b64546') in 0.001792 seconds
Number of updated asset objects reloaded before import = 0
Number of asset objects unloaded after import = 1
========================================================================
Received Import Request.
  Time since last request: 0.000095 seconds.
  path: Assets/Game/BarController.cs
  artifactKey: Guid(60c5da535aba9a946acd16d979bd4269) Importer(2089858483,0ecaa5967403d082aa24f35e1b516d23)
Start importing Assets/Game/BarController.cs using Guid(60c5da535aba9a946acd16d979bd4269) Importer(2089858483,0ecaa5967403d082aa24f35e1b516d23) [PhysX] Initialized MultithreadedTaskDispatcher with 10 workers.
 -> (artifact id: '528bbc4573b7cf9ad03b0bb4ddf16d2f') in 0.001998 seconds
Number of updated asset objects reloaded before import = 0
Number of asset objects unloaded after import = 1
========================================================================
Received Import Request.
  Time since last request: 0.000162 seconds.
  path: Assets/Sphere.prefab
  artifactKey: Guid(952c2009210f13b4e876ce6751699f7f) Importer(2089858483,0ecaa5967403d082aa24f35e1b516d23)
Start importing Assets/Sphere.prefab using Guid(952c2009210f13b4e876ce6751699f7f) Importer(2089858483,0ecaa5967403d082aa24f35e1b516d23) [PhysX] Initialized MultithreadedTaskDispatcher with 10 workers.
 -> (artifact id: '48dc4d1bba58721cf0ae71e624a77c80') in 0.022474 seconds
Number of updated asset objects reloaded before import = 0
Number of asset objects unloaded after import = 441
========================================================================
Received Import Request.
  Time since last request: 0.000046 seconds.
  path: Assets/Game/Scenes/SampleScene.unity
  artifactKey: Guid(d1c3109bdb54ad54c8a2b2838528e640) Importer(2089858483,0ecaa5967403d082aa24f35e1b516d23)
Start importing Assets/Game/Scenes/SampleScene.unity using Guid(d1c3109bdb54ad54c8a2b2838528e640) Importer(2089858483,0ecaa5967403d082aa24f35e1b516d23) [PhysX] Initialized MultithreadedTaskDispatcher with 10 workers.
 -> (artifact id: '524f0e5673e096560211de73d273aaa7') in 0.001333 seconds
Number of updated asset objects reloaded before import = 0
Number of asset objects unloaded after import = 1
========================================================================
Received Import Request.
  Time since last request: 0.000111 seconds.
  path: Assets/ExampleAssets/Textures/Plastic/Elastic_MetallicOcculusionSmoothness.tif
  artifactKey: Guid(f5df2fb0c070b57429f8ca23b216093b) Importer(2089858483,0ecaa5967403d082aa24f35e1b516d23)
Start importing Assets/ExampleAssets/Textures/Plastic/Elastic_MetallicOcculusionSmoothness.tif using Guid(f5df2fb0c070b57429f8ca23b216093b) Importer(2089858483,0ecaa5967403d082aa24f35e1b516d23) [PhysX] Initialized MultithreadedTaskDispatcher with 10 workers.
 -> (artifact id: 'd9dcc23f1690f3a83f1fadb116a176eb') in 0.008284 seconds
Number of updated asset objects reloaded before import = 0
Number of asset objects unloaded after import = 1
========================================================================
Received Import Request.
  Time since last request: 0.000087 seconds.
  path: Assets/ExampleAssets/Textures/Wood/Plywood_Normal.tif
  artifactKey: Guid(2148396b133b56f40baa7ea4fd22982a) Importer(2089858483,0ecaa5967403d082aa24f35e1b516d23)
Start importing Assets/ExampleAssets/Textures/Wood/Plywood_Normal.tif using Guid(2148396b133b56f40baa7ea4fd22982a) Importer(2089858483,0ecaa5967403d082aa24f35e1b516d23) [PhysX] Initialized MultithreadedTaskDispatcher with 10 workers.
 -> (artifact id: '3f52c20e50d5550afe745a0bb73bb8a8') in 0.006757 seconds
Number of updated asset objects reloaded before import = 0
Number of asset objects unloaded after import = 1
========================================================================
Received Import Request.
  Time since last request: 0.000074 seconds.
  path: Assets/ExampleAssets/Textures/Props/HardHat/SafetyHat_Albedo.tif
  artifactKey: Guid(dd61af2ec9847eb4d8e17529fa61b143) Importer(2089858483,0ecaa5967403d082aa24f35e1b516d23)
Start importing Assets/ExampleAssets/Textures/Props/HardHat/SafetyHat_Albedo.tif using Guid(dd61af2ec9847eb4d8e17529fa61b143) Importer(2089858483,0ecaa5967403d082aa24f35e1b516d23) [PhysX] Initialized MultithreadedTaskDispatcher with 10 workers.
 -> (artifact id: '9789add8d4949a0578cdc1564322068d') in 0.008072 seconds
Number of updated asset objects reloaded before import = 0
Number of asset objects unloaded after import = 1
========================================================================
Received Import Request.
  Time since last request: 0.000118 seconds.
  path: Assets/Settings/UniversalRP-MediumQuality.asset
  artifactKey: Guid(d847b876476d3d6468f5dfcd34266f96) Importer(2089858483,0ecaa5967403d082aa24f35e1b516d23)
Start importing Assets/Settings/UniversalRP-MediumQuality.asset using Guid(d847b876476d3d6468f5dfcd34266f96) Importer(2089858483,0ecaa5967403d082aa24f35e1b516d23) [PhysX] Initialized MultithreadedTaskDispatcher with 10 workers.
 -> (artifact id: '170c422e8c3f07efe67b38add7c6de89') in 0.001859 seconds
Number of updated asset objects reloaded before import = 0
Number of asset objects unloaded after import = 1
========================================================================
Received Import Request.
  Time since last request: 0.000064 seconds.
  path: Assets/ExampleAssets/Materials/PaintBrush_Mat.mat
  artifactKey: Guid(539165557a9d3744680bb21164bea45e) Importer(2089858483,0ecaa5967403d082aa24f35e1b516d23)
Start importing Assets/ExampleAssets/Materials/PaintBrush_Mat.mat using Guid(539165557a9d3744680bb21164bea45e) Importer(2089858483,0ecaa5967403d082aa24f35e1b516d23) [PhysX] Initialized MultithreadedTaskDispatcher with 10 workers.
 -> (artifact id: '4de601031dc75a838a46479757a61b63') in 0.002160 seconds
Number of updated asset objects reloaded before import = 0
Number of asset objects unloaded after import = 1
========================================================================
Received Import Request.
  Time since last request: 0.000084 seconds.
  path: Assets/ExampleAssets/Materials/Jigsaw_Mat.mat
  artifactKey: Guid(801db2d997a562b4ea333aa4593ce0f0) Importer(2089858483,0ecaa5967403d082aa24f35e1b516d23)
Start importing Assets/ExampleAssets/Materials/Jigsaw_Mat.mat using Guid(801db2d997a562b4ea333aa4593ce0f0) Importer(2089858483,0ecaa5967403d082aa24f35e1b516d23) [PhysX] Initialized MultithreadedTaskDispatcher with 10 workers.
 -> (artifact id: '66eed2de3c5a636d92532569be593c85') in 0.001966 seconds
Number of updated asset objects reloaded before import = 0
Number of asset objects unloaded after import = 1
========================================================================
Received Import Request.
  Time since last request: 0.000113 seconds.
  path: Assets/ExampleAssets/Textures/Props/Paint/Paint1G_Albedo.tif
  artifactKey: Guid(2de0d72a6700bd94ea57111b29e246fc) Importer(2089858483,0ecaa5967403d082aa24f35e1b516d23)
Start importing Assets/ExampleAssets/Textures/Props/Paint/Paint1G_Albedo.tif using Guid(2de0d72a6700bd94ea57111b29e246fc) Importer(2089858483,0ecaa5967403d082aa24f35e1b516d23) [PhysX] Initialized MultithreadedTaskDispatcher with 10 workers.
 -> (artifact id: '4356d41e584ce90ad9cad7a0ac339a18') in 0.008272 seconds
Number of updated asset objects reloaded before import = 0
Number of asset objects unloaded after import = 1
========================================================================
Received Import Request.
  Time since last request: 0.000085 seconds.
  path: Assets/ExampleAssets/Textures/Drywall/DrywallPainted_Normal.tif
  artifactKey: Guid(2cd242c9999e92b4ca96dab876cfaf13) Importer(2089858483,0ecaa5967403d082aa24f35e1b516d23)
Start importing Assets/ExampleAssets/Textures/Drywall/DrywallPainted_Normal.tif using Guid(2cd242c9999e92b4ca96dab876cfaf13) Importer(2089858483,0ecaa5967403d082aa24f35e1b516d23) [PhysX] Initialized MultithreadedTaskDispatcher with 10 workers.
 -> (artifact id: '5acb0ebab8c65474073e57b39e7c8cc5') in 0.007596 seconds
Number of updated asset objects reloaded before import = 0
Number of asset objects unloaded after import = 1
========================================================================
Received Import Request.
  Time since last request: 0.000075 seconds.
  path: Assets/ExampleAssets/Prefabs/Workbench_LOD0.prefab
  artifactKey: Guid(c0adcaeba3022437293536832628fdf8) Importer(2089858483,0ecaa5967403d082aa24f35e1b516d23)
Start importing Assets/ExampleAssets/Prefabs/Workbench_LOD0.prefab using Guid(c0adcaeba3022437293536832628fdf8) Importer(2089858483,0ecaa5967403d082aa24f35e1b516d23) [PhysX] Initialized MultithreadedTaskDispatcher with 10 workers.
 -> (artifact id: 'a07a499ca666f83fd75b75251b6e2105') in 0.002537 seconds
Number of updated asset objects reloaded before import = 0
Number of asset objects unloaded after import = 29
========================================================================
Received Import Request.
  Time since last request: 0.000074 seconds.
  path: Assets/Game/Scripts/SimpleCameraController.cs
  artifactKey: Guid(be76e5f14cfee674cb30b491fb72b09b) Importer(2089858483,0ecaa5967403d082aa24f35e1b516d23)
Start importing Assets/Game/Scripts/SimpleCameraController.cs using Guid(be76e5f14cfee674cb30b491fb72b09b) Importer(2089858483,0ecaa5967403d082aa24f35e1b516d23) [PhysX] Initialized MultithreadedTaskDispatcher with 10 workers.
 -> (artifact id: 'd10220fb14b15918437a18aba05dafe2') in 0.002320 seconds
Number of updated asset objects reloaded before import = 0
Number of asset objects unloaded after import = 1
========================================================================
Received Import Request.
  Time since last request: 0.000073 seconds.
  path: Assets/ExampleAssets/Textures/Plastic/Plastic_Normal.tif
  artifactKey: Guid(e109905c411b0f84e82eaaf2705ece30) Importer(2089858483,0ecaa5967403d082aa24f35e1b516d23)
Start importing Assets/ExampleAssets/Textures/Plastic/Plastic_Normal.tif using Guid(e109905c411b0f84e82eaaf2705ece30) Importer(2089858483,0ecaa5967403d082aa24f35e1b516d23) [PhysX] Initialized MultithreadedTaskDispatcher with 10 workers.
 -> (artifact id: '3c50d97a9041a0bffc86a3b34c58f70e') in 0.007513 seconds
Number of updated asset objects reloaded before import = 0
Number of asset objects unloaded after import = 1
========================================================================
Received Import Request.
  Time since last request: 0.000118 seconds.
  path: Assets/Presets/AudioStreaming.preset
  artifactKey: Guid(86bcce7f5575b54408aa0f3a7d321039) Importer(2089858483,0ecaa5967403d082aa24f35e1b516d23)
Start importing Assets/Presets/AudioStreaming.preset using Guid(86bcce7f5575b54408aa0f3a7d321039) Importer(2089858483,0ecaa5967403d082aa24f35e1b516d23) [PhysX] Initialized MultithreadedTaskDispatcher with 10 workers.
 -> (artifact id: 'f898f1b72594ef0e0c6a622ad2ff5e5c') in 0.001938 seconds
Number of updated asset objects reloaded before import = 0
Number of asset objects unloaded after import = 1
========================================================================
Received Import Request.
  Time since last request: 0.000072 seconds.
  path: Assets/ExampleAssets/Materials/Plastic_Transparent.mat
  artifactKey: Guid(8a38b7350df9a9c438e568993a00e5c5) Importer(2089858483,0ecaa5967403d082aa24f35e1b516d23)
Start importing Assets/ExampleAssets/Materials/Plastic_Transparent.mat using Guid(8a38b7350df9a9c438e568993a00e5c5) Importer(2089858483,0ecaa5967403d082aa24f35e1b516d23) [PhysX] Initialized MultithreadedTaskDispatcher with 10 workers.
 -> (artifact id: '4fe6dcc51c8732c878f54d938975cade') in 0.002276 seconds
Number of updated asset objects reloaded before import = 0
Number of asset objects unloaded after import = 1
========================================================================
Received Import Request.
  Time since last request: 0.000106 seconds.
  path: Assets/Presets/AudioCompressedInMemory.preset
  artifactKey: Guid(2dd802e4d37c65149922028d3e973832) Importer(2089858483,0ecaa5967403d082aa24f35e1b516d23)
Start importing Assets/Presets/AudioCompressedInMemory.preset using Guid(2dd802e4d37c65149922028d3e973832) Importer(2089858483,0ecaa5967403d082aa24f35e1b516d23) [PhysX] Initialized MultithreadedTaskDispatcher with 10 workers.
 -> (artifact id: '333560b56a09fef79297c158d6ff603b') in 0.001896 seconds
Number of updated asset objects reloaded before import = 0
Number of asset objects unloaded after import = 1
========================================================================
Received Import Request.
  Time since last request: 0.000109 seconds.
  path: Assets/ExampleAssets/Textures/Drywall/Drywall_Albedo.tif
  artifactKey: Guid(eae496078d11426448124eaf8b285e6b) Importer(2089858483,0ecaa5967403d082aa24f35e1b516d23)
Start importing Assets/ExampleAssets/Textures/Drywall/Drywall_Albedo.tif using Guid(eae496078d11426448124eaf8b285e6b) Importer(2089858483,0ecaa5967403d082aa24f35e1b516d23) [PhysX] Initialized MultithreadedTaskDispatcher with 10 workers.
 -> (artifact id: '98159272ab582d3763c0bcb986db8759') in 0.007777 seconds
Number of updated asset objects reloaded before import = 0
Number of asset objects unloaded after import = 1
========================================================================
Received Import Request.
  Time since last request: 0.000066 seconds.
  path: Assets/Game/ENv/env.fbx
  artifactKey: Guid(05b818438990eb8478bde01a35578dae) Importer(2089858483,0ecaa5967403d082aa24f35e1b516d23)
Start importing Assets/Game/ENv/env.fbx using Guid(05b818438990eb8478bde01a35578dae) Importer(2089858483,0ecaa5967403d082aa24f35e1b516d23) [PhysX] Initialized MultithreadedTaskDispatcher with 10 workers.
 -> (artifact id: '4b9bf98f5d8ef3c185ca61f94033b092') in 0.028552 seconds
Number of updated asset objects reloaded before import = 0
Number of asset objects unloaded after import = 95
========================================================================
Received Import Request.
  Time since last request: 0.000044 seconds.
  path: Assets/ExampleAssets/Textures/Props/Paint/Paint1G_MetallicOcculusionRoughness.tif
  artifactKey: Guid(ca084ebab0cef7c4ba746cdb442f9c1e) Importer(2089858483,0ecaa5967403d082aa24f35e1b516d23)
Start importing Assets/ExampleAssets/Textures/Props/Paint/Paint1G_MetallicOcculusionRoughness.tif using Guid(ca084ebab0cef7c4ba746cdb442f9c1e) Importer(2089858483,0ecaa5967403d082aa24f35e1b516d23) [PhysX] Initialized MultithreadedTaskDispatcher with 10 workers.
 -> (artifact id: '2ffb89b5e7f54d0cc16eb4f942c0d8cd') in 0.008625 seconds
Number of updated asset objects reloaded before import = 0
Number of asset objects unloaded after import = 1
========================================================================
Received Import Request.
  Time since last request: 0.000098 seconds.
  path: Assets/TutorialInfo/Scripts/Readme.cs
  artifactKey: Guid(fcf7219bab7fe46a1ad266029b2fee19) Importer(2089858483,0ecaa5967403d082aa24f35e1b516d23)
Start importing Assets/TutorialInfo/Scripts/Readme.cs using Guid(fcf7219bab7fe46a1ad266029b2fee19) Importer(2089858483,0ecaa5967403d082aa24f35e1b516d23) [PhysX] Initialized MultithreadedTaskDispatcher with 10 workers.
 -> (artifact id: '2f5377858df0f0dee0ca7d81be5987a7') in 0.001908 seconds
Number of updated asset objects reloaded before import = 0
Number of asset objects unloaded after import = 1
========================================================================
Received Import Request.
  Time since last request: 0.000088 seconds.
  path: Assets/Game/Scripts/ExplosiveBarrel.cs
  artifactKey: Guid(8708b132521b96b40bebe9e18ad8dd78) Importer(2089858483,0ecaa5967403d082aa24f35e1b516d23)
Start importing Assets/Game/Scripts/ExplosiveBarrel.cs using Guid(8708b132521b96b40bebe9e18ad8dd78) Importer(2089858483,0ecaa5967403d082aa24f35e1b516d23) [PhysX] Initialized MultithreadedTaskDispatcher with 10 workers.
 -> (artifact id: '79e19fdeace517b872a1c57cdeba52ad') in 0.001739 seconds
Number of updated asset objects reloaded before import = 0
Number of asset objects unloaded after import = 1
========================================================================
Received Import Request.
  Time since last request: 0.000084 seconds.
  path: Assets/ExampleAssets/Materials/Plastic_Black_Mat.mat
  artifactKey: Guid(e745492728544aa488aa0429b6068e71) Importer(2089858483,0ecaa5967403d082aa24f35e1b516d23)
Start importing Assets/ExampleAssets/Materials/Plastic_Black_Mat.mat using Guid(e745492728544aa488aa0429b6068e71) Importer(2089858483,0ecaa5967403d082aa24f35e1b516d23) [PhysX] Initialized MultithreadedTaskDispatcher with 10 workers.
 -> (artifact id: '6c900f118625b2dcb54c64dfee58a609') in 0.002204 seconds
Number of updated asset objects reloaded before import = 0
Number of asset objects unloaded after import = 1
========================================================================
Received Import Request.
  Time since last request: 0.000098 seconds.
  path: Assets/Game/LaserTrigger.cs
  artifactKey: Guid(7c4309bdb9cbf584bb407bfed58740c7) Importer(2089858483,0ecaa5967403d082aa24f35e1b516d23)
Start importing Assets/Game/LaserTrigger.cs using Guid(7c4309bdb9cbf584bb407bfed58740c7) Importer(2089858483,0ecaa5967403d082aa24f35e1b516d23) [PhysX] Initialized MultithreadedTaskDispatcher with 10 workers.
 -> (artifact id: '29e29989528cb36cdddd16fd0a60514e') in 0.001847 seconds
Number of updated asset objects reloaded before import = 0
Number of asset objects unloaded after import = 1
========================================================================
Received Import Request.
  Time since last request: 0.000078 seconds.
  path: Assets/ExampleAssets/Models/Stud.fbx
  artifactKey: Guid(34624edaccd9d704a95ed404d919b492) Importer(2089858483,0ecaa5967403d082aa24f35e1b516d23)
Start importing Assets/ExampleAssets/Models/Stud.fbx using Guid(34624edaccd9d704a95ed404d919b492) Importer(2089858483,0ecaa5967403d082aa24f35e1b516d23) [PhysX] Initialized MultithreadedTaskDispatcher with 10 workers.
 -> (artifact id: '7191f1e0ee8781b11c3909b14649b710') in 0.008341 seconds
Number of updated asset objects reloaded before import = 0
Number of asset objects unloaded after import = 15
========================================================================
Received Import Request.
  Time since last request: 0.000062 seconds.
  path: Assets/Game/ENv/Materials/aiStandardSurface1.mat
  artifactKey: Guid(23af70e55eeefc147bb41ff72fd2d758) Importer(2089858483,0ecaa5967403d082aa24f35e1b516d23)
Start importing Assets/Game/ENv/Materials/aiStandardSurface1.mat using Guid(23af70e55eeefc147bb41ff72fd2d758) Importer(2089858483,0ecaa5967403d082aa24f35e1b516d23) [PhysX] Initialized MultithreadedTaskDispatcher with 10 workers.
 -> (artifact id: '10e5b5297c62324b3807519b87203000') in 0.002454 seconds
Number of updated asset objects reloaded before import = 0
Number of asset objects unloaded after import = 1
========================================================================
Received Import Request.
  Time since last request: 0.000105 seconds.
  path: Assets/ExampleAssets/Textures/Plastic/PlasticRidges_MetallicOcculusionSmoothness.tif
  artifactKey: Guid(201c1f77fe872924a86132486bc97e82) Importer(2089858483,0ecaa5967403d082aa24f35e1b516d23)
Start importing Assets/ExampleAssets/Textures/Plastic/PlasticRidges_MetallicOcculusionSmoothness.tif using Guid(201c1f77fe872924a86132486bc97e82) Importer(2089858483,0ecaa5967403d082aa24f35e1b516d23) [PhysX] Initialized MultithreadedTaskDispatcher with 10 workers.
 -> (artifact id: 'cb3630eea08972f08925ca3ecd991179') in 0.007921 seconds
Number of updated asset objects reloaded before import = 0
Number of asset objects unloaded after import = 1
========================================================================
Received Import Request.
  Time since last request: 0.000110 seconds.
  path: Assets/ExampleAssets/Models/Workbench_Low.fbx
  artifactKey: Guid(ff6dc36862fe41641bb21568d92147c9) Importer(2089858483,0ecaa5967403d082aa24f35e1b516d23)
Start importing Assets/ExampleAssets/Models/Workbench_Low.fbx using Guid(ff6dc36862fe41641bb21568d92147c9) Importer(2089858483,0ecaa5967403d082aa24f35e1b516d23) [PhysX] Initialized MultithreadedTaskDispatcher with 10 workers.
 -> (artifact id: '2b1cc1a4574d802447052323db5ec10f') in 0.017459 seconds
Number of updated asset objects reloaded before import = 0
Number of asset objects unloaded after import = 35
========================================================================
Received Import Request.
  Time since last request: 0.000041 seconds.
  path: Assets/ExampleAssets/Textures/Props/Construction_Light/ConstructionLight_Albedo.tif
  artifactKey: Guid(2ec6e1532acb1254f9f3797b5d82db44) Importer(2089858483,0ecaa5967403d082aa24f35e1b516d23)
Start importing Assets/ExampleAssets/Textures/Props/Construction_Light/ConstructionLight_Albedo.tif using Guid(2ec6e1532acb1254f9f3797b5d82db44) Importer(2089858483,0ecaa5967403d082aa24f35e1b516d23) [PhysX] Initialized MultithreadedTaskDispatcher with 10 workers.
 -> (artifact id: '91f8aab7e85edd5c17030cf93d5d1f49') in 0.007882 seconds
Number of updated asset objects reloaded before import = 0
Number of asset objects unloaded after import = 1
========================================================================
Received Import Request.
  Time since last request: 0.000088 seconds.
  path: Assets/ExampleAssets/Textures/Props/Jigsaw/Jigsaw_Normal.tif
  artifactKey: Guid(06969fc081d8cc146af6634f75abe652) Importer(2089858483,0ecaa5967403d082aa24f35e1b516d23)
Start importing Assets/ExampleAssets/Textures/Props/Jigsaw/Jigsaw_Normal.tif using Guid(06969fc081d8cc146af6634f75abe652) Importer(2089858483,0ecaa5967403d082aa24f35e1b516d23) [PhysX] Initialized MultithreadedTaskDispatcher with 10 workers.
 -> (artifact id: '1b21928751a6f64f6192584f4a1fb65a') in 0.006757 seconds
Number of updated asset objects reloaded before import = 0
Number of asset objects unloaded after import = 1
========================================================================
Received Import Request.
  Time since last request: 0.000106 seconds.
  path: Assets/Game/ENv/Drone1.jpg
  artifactKey: Guid(df194834a56cc9a48bdb5361b7203aac) Importer(2089858483,0ecaa5967403d082aa24f35e1b516d23)
Start importing Assets/Game/ENv/Drone1.jpg using Guid(df194834a56cc9a48bdb5361b7203aac) Importer(2089858483,0ecaa5967403d082aa24f35e1b516d23) [PhysX] Initialized MultithreadedTaskDispatcher with 10 workers.
 -> (artifact id: '4189e1d1842c960dcdc40cee561b49a5') in 0.007583 seconds
Number of updated asset objects reloaded before import = 0
Number of asset objects unloaded after import = 1
========================================================================
Received Import Request.
  Time since last request: 0.000043 seconds.
  path: Assets/Settings/UniversalRP-HighQuality.asset
  artifactKey: Guid(19ba41d7c0026c3459d37c2fe90c55a0) Importer(2089858483,0ecaa5967403d082aa24f35e1b516d23)
Start importing Assets/Settings/UniversalRP-HighQuality.asset using Guid(19ba41d7c0026c3459d37c2fe90c55a0) Importer(2089858483,0ecaa5967403d082aa24f35e1b516d23) [PhysX] Initialized MultithreadedTaskDispatcher with 10 workers.
 -> (artifact id: 'ddd7d42512bd1bacc3a66b51c329c94a') in 0.001500 seconds
Number of updated asset objects reloaded before import = 0
Number of asset objects unloaded after import = 0
========================================================================
Received Import Request.
  Time since last request: 0.000120 seconds.
  path: Assets/Game/Scenes/New.unity
  artifactKey: Guid(314d5fd1739cc714b9ae4d11b4f9f5c8) Importer(2089858483,0ecaa5967403d082aa24f35e1b516d23)
Start importing Assets/Game/Scenes/New.unity using Guid(314d5fd1739cc714b9ae4d11b4f9f5c8) Importer(2089858483,0ecaa5967403d082aa24f35e1b516d23) [PhysX] Initialized MultithreadedTaskDispatcher with 10 workers.
 -> (artifact id: '9b94d14a94ca437631aa7d2ea06f83b1') in 0.001207 seconds
Number of updated asset objects reloaded before import = 0
Number of asset objects unloaded after import = 1
========================================================================
Received Import Request.
  Time since last request: 0.000125 seconds.
  path: Assets/Game/Scenes/GamePlay_Profiles/GameObject Profile.asset
  artifactKey: Guid(990a467a0491fa34cb0b5cedbfbcbfec) Importer(2089858483,0ecaa5967403d082aa24f35e1b516d23)
Start importing Assets/Game/Scenes/GamePlay_Profiles/GameObject Profile.asset using Guid(990a467a0491fa34cb0b5cedbfbcbfec) Importer(2089858483,0ecaa5967403d082aa24f35e1b516d23) [PhysX] Initialized MultithreadedTaskDispatcher with 10 workers.
 -> (artifact id: '8d47bb35b89117aba243e4f4df931399') in 0.007356 seconds
Number of updated asset objects reloaded before import = 0
Number of asset objects unloaded after import = 4
========================================================================
Received Import Request.
  Time since last request: 0.000063 seconds.
  path: Assets/Game/Scripts/Oscillator.cs
  artifactKey: Guid(c349ccd1ac7ff624d865ab498622c9f5) Importer(2089858483,0ecaa5967403d082aa24f35e1b516d23)
Start importing Assets/Game/Scripts/Oscillator.cs using Guid(c349ccd1ac7ff624d865ab498622c9f5) Importer(2089858483,0ecaa5967403d082aa24f35e1b516d23) [PhysX] Initialized MultithreadedTaskDispatcher with 10 workers.
 -> (artifact id: '19ccea012c3041301a3330537db3b1e6') in 0.003145 seconds
Number of updated asset objects reloaded before import = 0
Number of asset objects unloaded after import = 1
========================================================================
Received Import Request.
  Time since last request: 0.000063 seconds.
  path: Assets/ExampleAssets/Materials/DryWallPainted_Mat.mat
  artifactKey: Guid(9b8eadc4de0544646b75ddcc43f8fd06) Importer(2089858483,0ecaa5967403d082aa24f35e1b516d23)
Start importing Assets/ExampleAssets/Materials/DryWallPainted_Mat.mat using Guid(9b8eadc4de0544646b75ddcc43f8fd06) Importer(2089858483,0ecaa5967403d082aa24f35e1b516d23) [PhysX] Initialized MultithreadedTaskDispatcher with 10 workers.
 -> (artifact id: 'a8f8a26b55f92b65cb2d2fc5ddb3c69d') in 0.002106 seconds
Number of updated asset objects reloaded before import = 0
Number of asset objects unloaded after import = 1
========================================================================
Received Import Request.
  Time since last request: 0.000076 seconds.
  path: Assets/Presets/Defaults/AlbedoTexture_Default.preset
  artifactKey: Guid(e8537455c6c08bd4e8bf0be3707da685) Importer(2089858483,0ecaa5967403d082aa24f35e1b516d23)
Start importing Assets/Presets/Defaults/AlbedoTexture_Default.preset using Guid(e8537455c6c08bd4e8bf0be3707da685) Importer(2089858483,0ecaa5967403d082aa24f35e1b516d23) [PhysX] Initialized MultithreadedTaskDispatcher with 10 workers.
 -> (artifact id: '6c58f0a00f8da09a2f8eb3451fd9cfe8') in 0.002812 seconds
Number of updated asset objects reloaded before import = 0
Number of asset objects unloaded after import = 1
========================================================================
Received Import Request.
  Time since last request: 0.000078 seconds.
  path: Assets/Game/UiManager.cs
  artifactKey: Guid(7d8518e58a25a9941841c14673b4ddb6) Importer(2089858483,0ecaa5967403d082aa24f35e1b516d23)
Start importing Assets/Game/UiManager.cs using Guid(7d8518e58a25a9941841c14673b4ddb6) Importer(2089858483,0ecaa5967403d082aa24f35e1b516d23) [PhysX] Initialized MultithreadedTaskDispatcher with 10 workers.
 -> (artifact id: 'cb5d4b36c8f5f2c97858efe59dd15346') in 0.001758 seconds
Number of updated asset objects reloaded before import = 0
Number of asset objects unloaded after import = 1
========================================================================
Received Import Request.
  Time since last request: 0.000092 seconds.
  path: Assets/ExampleAssets/Models/brush_low.fbx
  artifactKey: Guid(aed8c47425ab91f4eb06ce6fe47c3e4e) Importer(2089858483,0ecaa5967403d082aa24f35e1b516d23)
Start importing Assets/ExampleAssets/Models/brush_low.fbx using Guid(aed8c47425ab91f4eb06ce6fe47c3e4e) Importer(2089858483,0ecaa5967403d082aa24f35e1b516d23) [PhysX] Initialized MultithreadedTaskDispatcher with 10 workers.
 -> (artifact id: '6235d8c044bbcfd893025722fb3242dc') in 0.009822 seconds
Number of updated asset objects reloaded before import = 0
Number of asset objects unloaded after import = 9
========================================================================
Received Import Request.
  Time since last request: 0.000036 seconds.
  path: Assets/ExampleAssets/Models/jigsaw_low.fbx
  artifactKey: Guid(8b73e8872ca76104bbca4ee2b704a1b4) Importer(2089858483,0ecaa5967403d082aa24f35e1b516d23)
Start importing Assets/ExampleAssets/Models/jigsaw_low.fbx using Guid(8b73e8872ca76104bbca4ee2b704a1b4) Importer(2089858483,0ecaa5967403d082aa24f35e1b516d23) [PhysX] Initialized MultithreadedTaskDispatcher with 10 workers.
 -> (artifact id: 'a21c923b4cbc1f2323e148248570f493') in 0.009443 seconds
Number of updated asset objects reloaded before import = 0
Number of asset objects unloaded after import = 9
========================================================================
Received Import Request.
  Time since last request: 0.122255 seconds.
  path: Assets/ExampleAssets/Textures/Props/Paint/Paint1G_Normal.tif
  artifactKey: Guid(ac80c335ebd6dde4fa54a82050064545) Importer(2089858483,0ecaa5967403d082aa24f35e1b516d23)
Start importing Assets/ExampleAssets/Textures/Props/Paint/Paint1G_Normal.tif using Guid(ac80c335ebd6dde4fa54a82050064545) Importer(2089858483,0ecaa5967403d082aa24f35e1b516d23) [PhysX] Initialized MultithreadedTaskDispatcher with 10 workers.
 -> (artifact id: 'cafe44bba901cbf983f49f54391371ae') in 0.011600 seconds
Number of updated asset objects reloaded before import = 0
Number of asset objects unloaded after import = 1
========================================================================
Received Import Request.
  Time since last request: 0.000082 seconds.
  path: Assets/Game/ErbGameArt/3D Lasers Pack/Textures/Concrete slab_MetallicSmoothness.png
  artifactKey: Guid(a685c8f461a651a46a2631ea3decafae) Importer(2089858483,0ecaa5967403d082aa24f35e1b516d23)
Start importing Assets/Game/ErbGameArt/3D Lasers Pack/Textures/Concrete slab_MetallicSmoothness.png using Guid(a685c8f461a651a46a2631ea3decafae) Importer(2089858483,0ecaa5967403d082aa24f35e1b516d23) [PhysX] Initialized MultithreadedTaskDispatcher with 10 workers.
 -> (artifact id: 'dafa97a5d21beb5b7e1df03a3e6de3e8') in 0.010008 seconds
Number of updated asset objects reloaded before import = 0
Number of asset objects unloaded after import = 1
========================================================================
Received Import Request.
  Time since last request: 0.000064 seconds.
  path: Assets/Game/ErbGameArt/3D Lasers Pack/Materials/Point5cg.mat
  artifactKey: Guid(85455188b71fea741bd0b80cbe893384) Importer(2089858483,0ecaa5967403d082aa24f35e1b516d23)
Start importing Assets/Game/ErbGameArt/3D Lasers Pack/Materials/Point5cg.mat using Guid(85455188b71fea741bd0b80cbe893384) Importer(2089858483,0ecaa5967403d082aa24f35e1b516d23) [PhysX] Initialized MultithreadedTaskDispatcher with 10 workers.
 -> (artifact id: '4c7c767cacfe2a4331c34c693e5b7b54') in 0.005878 seconds
Number of updated asset objects reloaded before import = 0
Number of asset objects unloaded after import = 2
========================================================================
Received Import Request.
  Time since last request: 0.000073 seconds.
  path: Assets/Game/ErbGameArt/3D Lasers Pack/Prefabs/Laser beam 1.prefab
  artifactKey: Guid(b478a3c4c8ae3bb42a5785ab95bcf6d3) Importer(2089858483,0ecaa5967403d082aa24f35e1b516d23)
Start importing Assets/Game/ErbGameArt/3D Lasers Pack/Prefabs/Laser beam 1.prefab using Guid(b478a3c4c8ae3bb42a5785ab95bcf6d3) Importer(2089858483,0ecaa5967403d082aa24f35e1b516d23) [PhysX] Initialized MultithreadedTaskDispatcher with 10 workers.
 -> (artifact id: 'ce1cb4b948304ff975c66127df285bf6') in 0.009443 seconds
Number of updated asset objects reloaded before import = 0
Number of asset objects unloaded after import = 51
========================================================================
Received Import Request.
  Time since last request: 0.000037 seconds.
  path: Assets/Game/ErbGameArt/3D Lasers Pack/Demo scene lasers/Readme.txt
  artifactKey: Guid(28257721b54953c4c968c4887b395b59) Importer(2089858483,0ecaa5967403d082aa24f35e1b516d23)
Start importing Assets/Game/ErbGameArt/3D Lasers Pack/Demo scene lasers/Readme.txt using Guid(28257721b54953c4c968c4887b395b59) Importer(2089858483,0ecaa5967403d082aa24f35e1b516d23) [PhysX] Initialized MultithreadedTaskDispatcher with 10 workers.
 -> (artifact id: '26cec0482cecc978c8a463ff0f8b8036') in 0.001657 seconds
Number of updated asset objects reloaded before import = 0
Number of asset objects unloaded after import = 1
========================================================================
Received Import Request.
  Time since last request: 0.000129 seconds.
  path: Assets/Game/ErbGameArt/3D Lasers Pack/Textures/Line3.png
  artifactKey: Guid(a119dc3bf61a5f74a92c2083a429bfdd) Importer(2089858483,0ecaa5967403d082aa24f35e1b516d23)
Start importing Assets/Game/ErbGameArt/3D Lasers Pack/Textures/Line3.png using Guid(a119dc3bf61a5f74a92c2083a429bfdd) Importer(2089858483,0ecaa5967403d082aa24f35e1b516d23) [PhysX] Initialized MultithreadedTaskDispatcher with 10 workers.
 -> (artifact id: '6c9f51e764dcff55f8fb5aa43590544b') in 0.006405 seconds
Number of updated asset objects reloaded before import = 0
Number of asset objects unloaded after import = 1
========================================================================
Received Import Request.
  Time since last request: 0.000101 seconds.
  path: Assets/Game/ErbGameArt/3D Lasers Pack/Materials/Laser6.mat
  artifactKey: Guid(d2f80ea13476e65469213a0ac0960e86) Importer(2089858483,0ecaa5967403d082aa24f35e1b516d23)
Start importing Assets/Game/ErbGameArt/3D Lasers Pack/Materials/Laser6.mat using Guid(d2f80ea13476e65469213a0ac0960e86) Importer(2089858483,0ecaa5967403d082aa24f35e1b516d23) [PhysX] Initialized MultithreadedTaskDispatcher with 10 workers.
 -> (artifact id: 'e84f537cf0c0fb2dfc65dbc174e1c1e8') in 0.003776 seconds
Number of updated asset objects reloaded before import = 0
Number of asset objects unloaded after import = 3
========================================================================
Received Import Request.
  Time since last request: 0.000086 seconds.
  path: Assets/Game/ErbGameArt/3D Lasers Pack/Materials/Semicircle7bcg.mat
  artifactKey: Guid(097681739006eda4daeda8c905e63cff) Importer(2089858483,0ecaa5967403d082aa24f35e1b516d23)
Start importing Assets/Game/ErbGameArt/3D Lasers Pack/Materials/Semicircle7bcg.mat using Guid(097681739006eda4daeda8c905e63cff) Importer(2089858483,0ecaa5967403d082aa24f35e1b516d23) [PhysX] Initialized MultithreadedTaskDispatcher with 10 workers.
 -> (artifact id: 'e6c417353d9f844f5a1ab7ef09e4bb9e') in 0.007210 seconds
Number of updated asset objects reloaded before import = 0
Number of asset objects unloaded after import = 2
========================================================================
Received Import Request.
  Time since last request: 0.000092 seconds.
  path: Assets/Game/ErbGameArt/3D Lasers Pack/Materials/Smoke3cg.mat
  artifactKey: Guid(fe3fbcea8e93fec468be670c547e0aa1) Importer(2089858483,0ecaa5967403d082aa24f35e1b516d23)
Start importing Assets/Game/ErbGameArt/3D Lasers Pack/Materials/Smoke3cg.mat using Guid(fe3fbcea8e93fec468be670c547e0aa1) Importer(2089858483,0ecaa5967403d082aa24f35e1b516d23) [PhysX] Initialized MultithreadedTaskDispatcher with 10 workers.
 -> (artifact id: '528aa1e5e2510df06fdca189ad4a559e') in 0.003005 seconds
Number of updated asset objects reloaded before import = 0
Number of asset objects unloaded after import = 2
========================================================================
Received Import Request.
  Time since last request: 0.000063 seconds.
  path: Assets/Game/ErbGameArt/3D Lasers Pack/Textures/Mask23.png
  artifactKey: Guid(fbf437916e36d824a8cce436ab5d55d2) Importer(2089858483,0ecaa5967403d082aa24f35e1b516d23)
Start importing Assets/Game/ErbGameArt/3D Lasers Pack/Textures/Mask23.png using Guid(fbf437916e36d824a8cce436ab5d55d2) Importer(2089858483,0ecaa5967403d082aa24f35e1b516d23) [PhysX] Initialized MultithreadedTaskDispatcher with 10 workers.
 -> (artifact id: '7576f38207342a1588ac246ac6439439') in 0.006684 seconds
Number of updated asset objects reloaded before import = 0
Number of asset objects unloaded after import = 1
========================================================================
Received Import Request.
  Time since last request: 0.000095 seconds.
  path: Assets/Game/ErbGameArt/3D Lasers Pack/Textures/Debris2.png
  artifactKey: Guid(c6fbbfdbb4d88e4458046eec6645c0d8) Importer(2089858483,0ecaa5967403d082aa24f35e1b516d23)
Start importing Assets/Game/ErbGameArt/3D Lasers Pack/Textures/Debris2.png using Guid(c6fbbfdbb4d88e4458046eec6645c0d8) Importer(2089858483,0ecaa5967403d082aa24f35e1b516d23) [PhysX] Initialized MultithreadedTaskDispatcher with 10 workers.
 -> (artifact id: 'd8d63cd6546dfef63262ec6b6af379b9') in 0.008088 seconds
Number of updated asset objects reloaded before import = 0
Number of asset objects unloaded after import = 1
========================================================================
Received Import Request.
  Time since last request: 0.000078 seconds.
  path: Assets/Game/ErbGameArt/3D Lasers Pack/Materials/Gray.mat
  artifactKey: Guid(bc78c7fb5bbc34141ab039dc9e9142a6) Importer(2089858483,0ecaa5967403d082aa24f35e1b516d23)
Start importing Assets/Game/ErbGameArt/3D Lasers Pack/Materials/Gray.mat using Guid(bc78c7fb5bbc34141ab039dc9e9142a6) Importer(2089858483,0ecaa5967403d082aa24f35e1b516d23) [PhysX] Initialized MultithreadedTaskDispatcher with 10 workers.
 -> (artifact id: 'b9b3653b22e2770a91952e6319f02870') in 0.002182 seconds
Number of updated asset objects reloaded before import = 0
Number of asset objects unloaded after import = 1
========================================================================
Received Import Request.
  Time since last request: 0.000087 seconds.
  path: Assets/Game/ErbGameArt/3D Lasers Pack/Textures/Concrete slab_Normal.png
  artifactKey: Guid(3a0dde7201a17f646865e8deeac56596) Importer(2089858483,0ecaa5967403d082aa24f35e1b516d23)
Start importing Assets/Game/ErbGameArt/3D Lasers Pack/Textures/Concrete slab_Normal.png using Guid(3a0dde7201a17f646865e8deeac56596) Importer(2089858483,0ecaa5967403d082aa24f35e1b516d23) [PhysX] Initialized MultithreadedTaskDispatcher with 10 workers.
 -> (artifact id: 'ed01a223c2784096e42b016ff603a319') in 0.008741 seconds
Number of updated asset objects reloaded before import = 0
Number of asset objects unloaded after import = 1
========================================================================
Received Import Request.
  Time since last request: 0.000111 seconds.
  path: Assets/ExampleAssets/Textures/Props/Paint/Paintbrush_MetallicOcculusionSmoothness.tif
  artifactKey: Guid(888916a5e87c05948b1a97b3c0d42556) Importer(2089858483,0ecaa5967403d082aa24f35e1b516d23)
Start importing Assets/ExampleAssets/Textures/Props/Paint/Paintbrush_MetallicOcculusionSmoothness.tif using Guid(888916a5e87c05948b1a97b3c0d42556) Importer(2089858483,0ecaa5967403d082aa24f35e1b516d23) [PhysX] Initialized MultithreadedTaskDispatcher with 10 workers.
 -> (artifact id: '0d22514d89355942e9f75d2a6d62b25e') in 0.006850 seconds
Number of updated asset objects reloaded before import = 0
Number of asset objects unloaded after import = 1
========================================================================
Received Import Request.
  Time since last request: 0.000206 seconds.
  path: Assets/Game/ErbGameArt/3D Lasers Pack/Textures/MaskForShader.png
  artifactKey: Guid(60d224affeaecf84ead5a8b24c6c9995) Importer(2089858483,0ecaa5967403d082aa24f35e1b516d23)
Start importing Assets/Game/ErbGameArt/3D Lasers Pack/Textures/MaskForShader.png using Guid(60d224affeaecf84ead5a8b24c6c9995) Importer(2089858483,0ecaa5967403d082aa24f35e1b516d23) [PhysX] Initialized MultithreadedTaskDispatcher with 10 workers.
 -> (artifact id: '957699ce1648b4cd71633586641c9e22') in 0.007780 seconds
Number of updated asset objects reloaded before import = 0
Number of asset objects unloaded after import = 1
========================================================================
Received Import Request.
  Time since last request: 0.000070 seconds.
  path: Assets/Game/ErbGameArt/3D Lasers Pack/Demo scene lasers/EGA_Laser.cs
  artifactKey: Guid(7ea4308861e24ac4caa06d26e151d595) Importer(2089858483,0ecaa5967403d082aa24f35e1b516d23)
Start importing Assets/Game/ErbGameArt/3D Lasers Pack/Demo scene lasers/EGA_Laser.cs using Guid(7ea4308861e24ac4caa06d26e151d595) Importer(2089858483,0ecaa5967403d082aa24f35e1b516d23) [PhysX] Initialized MultithreadedTaskDispatcher with 10 workers.
 -> (artifact id: '42da09c87fa4974adecf9f80363890c2') in 0.001707 seconds
Number of updated asset objects reloaded before import = 0
Number of asset objects unloaded after import = 1
========================================================================
Received Import Request.
  Time since last request: 0.000063 seconds.
  path: Assets/Game/ErbGameArt/3D Lasers Pack/Textures/Point19.png
  artifactKey: Guid(4b0225a5290cbe540bc56e26a8682db2) Importer(2089858483,0ecaa5967403d082aa24f35e1b516d23)
Start importing Assets/Game/ErbGameArt/3D Lasers Pack/Textures/Point19.png using Guid(4b0225a5290cbe540bc56e26a8682db2) Importer(2089858483,0ecaa5967403d082aa24f35e1b516d23) [PhysX] Initialized MultithreadedTaskDispatcher with 10 workers.
 -> (artifact id: '4aac25c6027edf94ff8cf606592b9a58') in 0.007587 seconds
Number of updated asset objects reloaded before import = 0
Number of asset objects unloaded after import = 1
========================================================================
Received Import Request.
  Time since last request: 0.000080 seconds.
  path: Assets/Game/ErbGameArt/3D Lasers Pack/Prefabs/Readme.txt
  artifactKey: Guid(80e2f246edabb4c4ca5933b5bde05bd5) Importer(2089858483,0ecaa5967403d082aa24f35e1b516d23)
Start importing Assets/Game/ErbGameArt/3D Lasers Pack/Prefabs/Readme.txt using Guid(80e2f246edabb4c4ca5933b5bde05bd5) Importer(2089858483,0ecaa5967403d082aa24f35e1b516d23) [PhysX] Initialized MultithreadedTaskDispatcher with 10 workers.
 -> (artifact id: '93dd98ad8b55df71083902db85b7c8b8') in 0.001527 seconds
Number of updated asset objects reloaded before import = 0
Number of asset objects unloaded after import = 1
========================================================================
Received Import Request.
  Time since last request: 0.000086 seconds.
  path: Assets/Game/ErbGameArt/3D Lasers Pack/Demo scene lasers/LightingData.asset
  artifactKey: Guid(28acae2636cff6247816d1d8594b01bb) Importer(2089858483,0ecaa5967403d082aa24f35e1b516d23)
Start importing Assets/Game/ErbGameArt/3D Lasers Pack/Demo scene lasers/LightingData.asset using Guid(28acae2636cff6247816d1d8594b01bb) Importer(2089858483,0ecaa5967403d082aa24f35e1b516d23) [PhysX] Initialized MultithreadedTaskDispatcher with 10 workers.
 -> (artifact id: 'e830f41cdbeff5cf1705eb3cf5b38f79') in 0.003023 seconds
Number of updated asset objects reloaded before import = 0
Number of asset objects unloaded after import = 2
========================================================================
Received Import Request.
  Time since last request: 0.000052 seconds.
  path: Assets/Game/ErbGameArt/3D Lasers Pack/Materials/Laser8.mat
  artifactKey: Guid(1a50fa8cbb17aa543aabffcb70b38dec) Importer(2089858483,0ecaa5967403d082aa24f35e1b516d23)
Start importing Assets/Game/ErbGameArt/3D Lasers Pack/Materials/Laser8.mat using Guid(1a50fa8cbb17aa543aabffcb70b38dec) Importer(2089858483,0ecaa5967403d082aa24f35e1b516d23) [PhysX] Initialized MultithreadedTaskDispatcher with 10 workers.
 -> (artifact id: 'a74360eaf2fc185b29efee8216d0a2cd') in 0.003767 seconds
Number of updated asset objects reloaded before import = 0
Number of asset objects unloaded after import = 3
========================================================================
Received Import Request.
  Time since last request: 0.000042 seconds.
  path: Assets/Game/ErbGameArt/3D Lasers Pack/Models/Conus.fbx
  artifactKey: Guid(25ce058c1e3d07645ad3c004b15c262c) Importer(2089858483,0ecaa5967403d082aa24f35e1b516d23)
Start importing Assets/Game/ErbGameArt/3D Lasers Pack/Models/Conus.fbx using Guid(25ce058c1e3d07645ad3c004b15c262c) Importer(2089858483,0ecaa5967403d082aa24f35e1b516d23) [PhysX] Initialized MultithreadedTaskDispatcher with 10 workers.
 -> (artifact id: '0477a44fc1d0ba0ab19427138988a5b7') in 0.008033 seconds
Number of updated asset objects reloaded before import = 0
Number of asset objects unloaded after import = 7
========================================================================
Received Import Request.
  Time since last request: 0.000053 seconds.
  path: Assets/Game/ErbGameArt/3D Lasers Pack/Demo scene lasers/Lightmap-1_comp_light.exr
  artifactKey: Guid(4244bcda79ac9e04493776663d4779e6) Importer(2089858483,0ecaa5967403d082aa24f35e1b516d23)
Start importing Assets/Game/ErbGameArt/3D Lasers Pack/Demo scene lasers/Lightmap-1_comp_light.exr using Guid(4244bcda79ac9e04493776663d4779e6) Importer(2089858483,0ecaa5967403d082aa24f35e1b516d23) [PhysX] Initialized MultithreadedTaskDispatcher with 10 workers.
 -> (artifact id: '2e9a8d722e4711e91f0874aa5c2a79e9') in 0.008488 seconds
Number of updated asset objects reloaded before import = 0
Number of asset objects unloaded after import = 1
========================================================================
Received Import Request.
  Time since last request: 0.000069 seconds.
  path: Assets/Game/ErbGameArt/3D Lasers Pack/Prefabs/Laser beam 10.prefab
  artifactKey: Guid(e0159d7c05382534e92cb4361d3e94d2) Importer(2089858483,0ecaa5967403d082aa24f35e1b516d23)
Start importing Assets/Game/ErbGameArt/3D Lasers Pack/Prefabs/Laser beam 10.prefab using Guid(e0159d7c05382534e92cb4361d3e94d2) Importer(2089858483,0ecaa5967403d082aa24f35e1b516d23) [PhysX] Initialized MultithreadedTaskDispatcher with 10 workers.
 -> (artifact id: '0eb90a1d61c0d4432ba756a80cb1fe68') in 0.006039 seconds
Number of updated asset objects reloaded before import = 0
Number of asset objects unloaded after import = 50
========================================================================
Received Import Request.
  Time since last request: 0.000037 seconds.
  path: Assets/Game/ErbGameArt/3D Lasers Pack/Demo scene lasers/Lightmap-2_comp_dir.png
  artifactKey: Guid(d67263c39b7b597459d53dafb5793f2e) Importer(2089858483,0ecaa5967403d082aa24f35e1b516d23)
Start importing Assets/Game/ErbGameArt/3D Lasers Pack/Demo scene lasers/Lightmap-2_comp_dir.png using Guid(d67263c39b7b597459d53dafb5793f2e) Importer(2089858483,0ecaa5967403d082aa24f35e1b516d23) [PhysX] Initialized MultithreadedTaskDispatcher with 10 workers.
 -> (artifact id: '37b1af6b644927e3318d28b43fbcdcf7') in 0.008357 seconds
Number of updated asset objects reloaded before import = 0
Number of asset objects unloaded after import = 1
========================================================================
Received Import Request.
  Time since last request: 0.000059 seconds.
  path: Assets/Game/ErbGameArt/3D Lasers Pack/Materials/Laser3.mat
  artifactKey: Guid(9989147526a84334c932ae785491cd4d) Importer(2089858483,0ecaa5967403d082aa24f35e1b516d23)
Start importing Assets/Game/ErbGameArt/3D Lasers Pack/Materials/Laser3.mat using Guid(9989147526a84334c932ae785491cd4d) Importer(2089858483,0ecaa5967403d082aa24f35e1b516d23) [PhysX] Initialized MultithreadedTaskDispatcher with 10 workers.
 -> (artifact id: '9323ec32c9b1eeef731903e6bf47ef66') in 0.003669 seconds
Number of updated asset objects reloaded before import = 0
Number of asset objects unloaded after import = 3
========================================================================
Received Import Request.
  Time since last request: 0.000034 seconds.
  path: Assets/Game/ErbGameArt/3D Lasers Pack/Materials/Flash7bcg.mat
  artifactKey: Guid(72e41a54155def64eaed7ce14a43d450) Importer(2089858483,0ecaa5967403d082aa24f35e1b516d23)
Start importing Assets/Game/ErbGameArt/3D Lasers Pack/Materials/Flash7bcg.mat using Guid(72e41a54155def64eaed7ce14a43d450) Importer(2089858483,0ecaa5967403d082aa24f35e1b516d23) [PhysX] Initialized MultithreadedTaskDispatcher with 10 workers.
 -> (artifact id: '45802f772c08b35bef6589bb813f8f96') in 0.002992 seconds
Number of updated asset objects reloaded before import = 0
Number of asset objects unloaded after import = 2
========================================================================
Received Import Request.
  Time since last request: 0.000051 seconds.
  path: Assets/Game/ErbGameArt/3D Lasers Pack/Textures/Semicircle6.png
  artifactKey: Guid(77c34709cf851d94d811f77a97e6ecb3) Importer(2089858483,0ecaa5967403d082aa24f35e1b516d23)
Start importing Assets/Game/ErbGameArt/3D Lasers Pack/Textures/Semicircle6.png using Guid(77c34709cf851d94d811f77a97e6ecb3) Importer(2089858483,0ecaa5967403d082aa24f35e1b516d23) [PhysX] Initialized MultithreadedTaskDispatcher with 10 workers.
 -> (artifact id: 'e60df7bb7d4f6d9794678b5f95fc0273') in 0.007764 seconds
Number of updated asset objects reloaded before import = 0
Number of asset objects unloaded after import = 1
========================================================================
Received Import Request.
  Time since last request: 0.000083 seconds.
  path: Assets/Game/ErbGameArt/3D Lasers Pack/Textures/Noise13.png
  artifactKey: Guid(9837737d0a9fbec4bb2dcfc7ad0d6e9a) Importer(2089858483,0ecaa5967403d082aa24f35e1b516d23)
Start importing Assets/Game/ErbGameArt/3D Lasers Pack/Textures/Noise13.png using Guid(9837737d0a9fbec4bb2dcfc7ad0d6e9a) Importer(2089858483,0ecaa5967403d082aa24f35e1b516d23) [PhysX] Initialized MultithreadedTaskDispatcher with 10 workers.
 -> (artifact id: '6233466eae10b4016265cd3270d6796d') in 0.005874 seconds
Number of updated asset objects reloaded before import = 0
Number of asset objects unloaded after import = 1
========================================================================
Received Import Request.
  Time since last request: 0.000072 seconds.
  path: Assets/Game/ErbGameArt/3D Lasers Pack/Textures/Point12.png
  artifactKey: Guid(c8ada4fdced7c07409542d983b96835e) Importer(2089858483,0ecaa5967403d082aa24f35e1b516d23)
Start importing Assets/Game/ErbGameArt/3D Lasers Pack/Textures/Point12.png using Guid(c8ada4fdced7c07409542d983b96835e) Importer(2089858483,0ecaa5967403d082aa24f35e1b516d23) [PhysX] Initialized MultithreadedTaskDispatcher with 10 workers.
 -> (artifact id: '0728328af122549197832fe0562b1639') in 0.008074 seconds
Number of updated asset objects reloaded before import = 0
Number of asset objects unloaded after import = 1
========================================================================
Received Import Request.
  Time since last request: 0.000059 seconds.
  path: Assets/Game/ErbGameArt/3D Lasers Pack/Shaders/Add_CenterGlow.shader
  artifactKey: Guid(bd6af5d577c618947b73aa60db554e51) Importer(2089858483,0ecaa5967403d082aa24f35e1b516d23)
Start importing Assets/Game/ErbGameArt/3D Lasers Pack/Shaders/Add_CenterGlow.shader using Guid(bd6af5d577c618947b73aa60db554e51) Importer(2089858483,0ecaa5967403d082aa24f35e1b516d23) [PhysX] Initialized MultithreadedTaskDispatcher with 10 workers.
 -> (artifact id: '2f56722fa17d16df65cd84e02e30278b') in 0.004970 seconds
Number of updated asset objects reloaded before import = 0
Number of asset objects unloaded after import = 1
========================================================================
Received Import Request.
  Time since last request: 0.000102 seconds.
  path: Assets/Game/ErbGameArt/3D Lasers Pack/Materials/Laser1.mat
  artifactKey: Guid(37722aff84829324e9a9d5ba87ac13d2) Importer(2089858483,0ecaa5967403d082aa24f35e1b516d23)
Start importing Assets/Game/ErbGameArt/3D Lasers Pack/Materials/Laser1.mat using Guid(37722aff84829324e9a9d5ba87ac13d2) Importer(2089858483,0ecaa5967403d082aa24f35e1b516d23) [PhysX] Initialized MultithreadedTaskDispatcher with 10 workers.
 -> (artifact id: '4863cff4b18d01b35f0453405a0c9bf5') in 0.003000 seconds
Number of updated asset objects reloaded before import = 0
Number of asset objects unloaded after import = 3
========================================================================
Received Import Request.
  Time since last request: 0.000102 seconds.
  path: Assets/Game/ErbGameArt/3D Lasers Pack/Textures/Noise35t.png
  artifactKey: Guid(beea0694d337e23449c7d21e4dfef1cb) Importer(2089858483,0ecaa5967403d082aa24f35e1b516d23)
Start importing Assets/Game/ErbGameArt/3D Lasers Pack/Textures/Noise35t.png using Guid(beea0694d337e23449c7d21e4dfef1cb) Importer(2089858483,0ecaa5967403d082aa24f35e1b516d23) [PhysX] Initialized MultithreadedTaskDispatcher with 10 workers.
 -> (artifact id: '932ac3e7bea794231c7768ce2b9567d4') in 0.008495 seconds
Number of updated asset objects reloaded before import = 0
Number of asset objects unloaded after import = 1
========================================================================
Received Import Request.
  Time since last request: 0.000072 seconds.
  path: Assets/Game/ErbGameArt/3D Lasers Pack/Shaders/Blend_CenterGlow.shader
  artifactKey: Guid(b68b99c2e57cef4419465c63c527201b) Importer(2089858483,0ecaa5967403d082aa24f35e1b516d23)
Start importing Assets/Game/ErbGameArt/3D Lasers Pack/Shaders/Blend_CenterGlow.shader using Guid(b68b99c2e57cef4419465c63c527201b) Importer(2089858483,0ecaa5967403d082aa24f35e1b516d23) [PhysX] Initialized MultithreadedTaskDispatcher with 10 workers.
 -> (artifact id: '9cb2a2fa8b30bb7fb662ac0b2c62e8ee') in 0.002359 seconds
Number of updated asset objects reloaded before import = 0
Number of asset objects unloaded after import = 1
========================================================================
Received Import Request.
  Time since last request: 0.000087 seconds.
  path: Assets/Game/ErbGameArt/3D Lasers Pack/Materials/Floor2.mat
  artifactKey: Guid(90b5efb40f4976c42adf1ee90650c8bd) Importer(2089858483,0ecaa5967403d082aa24f35e1b516d23)
Start importing Assets/Game/ErbGameArt/3D Lasers Pack/Materials/Floor2.mat using Guid(90b5efb40f4976c42adf1ee90650c8bd) Importer(2089858483,0ecaa5967403d082aa24f35e1b516d23) [PhysX] Initialized MultithreadedTaskDispatcher with 10 workers.
 -> (artifact id: '2f93de2dbb30de112bcdff5381e0f27b') in 0.002007 seconds
Number of updated asset objects reloaded before import = 0
Number of asset objects unloaded after import = 1
========================================================================
Received Import Request.
  Time since last request: 0.000096 seconds.
  path: Assets/Game/ErbGameArt/3D Lasers Pack/Demo scene lasers/Lightmap-0_comp_light.exr
  artifactKey: Guid(8fee7ec497914ef449338130529d478a) Importer(2089858483,0ecaa5967403d082aa24f35e1b516d23)
Start importing Assets/Game/ErbGameArt/3D Lasers Pack/Demo scene lasers/Lightmap-0_comp_light.exr using Guid(8fee7ec497914ef449338130529d478a) Importer(2089858483,0ecaa5967403d082aa24f35e1b516d23) [PhysX] Initialized MultithreadedTaskDispatcher with 10 workers.
 -> (artifact id: 'ac0f9ffbaeeacd7d5c50b2086987efca') in 0.008304 seconds
Number of updated asset objects reloaded before import = 0
Number of asset objects unloaded after import = 1
========================================================================
Received Import Request.
  Time since last request: 0.000076 seconds.
  path: Assets/Game/ErbGameArt/3D Lasers Pack/Textures/Flare4.png
  artifactKey: Guid(fe05455264c0eda4dabeb02e41d98557) Importer(2089858483,0ecaa5967403d082aa24f35e1b516d23)
Start importing Assets/Game/ErbGameArt/3D Lasers Pack/Textures/Flare4.png using Guid(fe05455264c0eda4dabeb02e41d98557) Importer(2089858483,0ecaa5967403d082aa24f35e1b516d23) [PhysX] Initialized MultithreadedTaskDispatcher with 10 workers.
 -> (artifact id: 'b3e73ab231117e08b7748b7b4236cc10') in 0.006560 seconds
Number of updated asset objects reloaded before import = 0
Number of asset objects unloaded after import = 1
========================================================================
Received Import Request.
  Time since last request: 0.000056 seconds.
  path: Assets/Game/ErbGameArt/3D Lasers Pack/Textures/Semicircle7.png
  artifactKey: Guid(11c2f5dd0ef11d44fbb08d43f6d56476) Importer(2089858483,0ecaa5967403d082aa24f35e1b516d23)
Start importing Assets/Game/ErbGameArt/3D Lasers Pack/Textures/Semicircle7.png using Guid(11c2f5dd0ef11d44fbb08d43f6d56476) Importer(2089858483,0ecaa5967403d082aa24f35e1b516d23) [PhysX] Initialized MultithreadedTaskDispatcher with 10 workers.
 -> (artifact id: '48c7066ce521ba719b4e5b4765cc4895') in 0.007238 seconds
Number of updated asset objects reloaded before import = 0
Number of asset objects unloaded after import = 1
========================================================================
Received Import Request.
  Time since last request: 0.000060 seconds.
  path: Assets/Game/ErbGameArt/3D Lasers Pack/Materials/FlashGroundCG.mat
  artifactKey: Guid(d5dfb7b499f5de840871d37b9f54d073) Importer(2089858483,0ecaa5967403d082aa24f35e1b516d23)
Start importing Assets/Game/ErbGameArt/3D Lasers Pack/Materials/FlashGroundCG.mat using Guid(d5dfb7b499f5de840871d37b9f54d073) Importer(2089858483,0ecaa5967403d082aa24f35e1b516d23) [PhysX] Initialized MultithreadedTaskDispatcher with 10 workers.
 -> (artifact id: '9b465d7b6e983b16bc2a5ba4ba68e06f') in 0.003053 seconds
Number of updated asset objects reloaded before import = 0
Number of asset objects unloaded after import = 2
========================================================================
Received Import Request.
  Time since last request: 0.000054 seconds.
  path: Assets/Game/ErbGameArt/3D Lasers Pack/Materials/Laser2.mat
  artifactKey: Guid(9ee388f762487c84f9b624ee392dd9cb) Importer(2089858483,0ecaa5967403d082aa24f35e1b516d23)
Start importing Assets/Game/ErbGameArt/3D Lasers Pack/Materials/Laser2.mat using Guid(9ee388f762487c84f9b624ee392dd9cb) Importer(2089858483,0ecaa5967403d082aa24f35e1b516d23) [PhysX] Initialized MultithreadedTaskDispatcher with 10 workers.
 -> (artifact id: '0fa259ada1c258c2cfc4a92de9e1796d') in 0.003017 seconds
Number of updated asset objects reloaded before import = 0
Number of asset objects unloaded after import = 3
========================================================================
Received Import Request.
  Time since last request: 0.000035 seconds.
  path: Assets/Game/ErbGameArt/3D Lasers Pack/Prefabs/Laser beam 6.prefab
  artifactKey: Guid(b67042affc59bdf469a26afcc712c2bc) Importer(2089858483,0ecaa5967403d082aa24f35e1b516d23)
Start importing Assets/Game/ErbGameArt/3D Lasers Pack/Prefabs/Laser beam 6.prefab using Guid(b67042affc59bdf469a26afcc712c2bc) Importer(2089858483,0ecaa5967403d082aa24f35e1b516d23) [PhysX] Initialized MultithreadedTaskDispatcher with 10 workers.
 -> (artifact id: '375b99a86b7809458320e8ed22e3a66b') in 0.006560 seconds
Number of updated asset objects reloaded before import = 0
Number of asset objects unloaded after import = 30
========================================================================
Received Import Request.
  Time since last request: 0.000030 seconds.
  path: Assets/Game/ErbGameArt/3D Lasers Pack/Textures/Flash7.png
  artifactKey: Guid(bec5c7c44540e99458f061f069c981a8) Importer(2089858483,0ecaa5967403d082aa24f35e1b516d23)
Start importing Assets/Game/ErbGameArt/3D Lasers Pack/Textures/Flash7.png using Guid(bec5c7c44540e99458f061f069c981a8) Importer(2089858483,0ecaa5967403d082aa24f35e1b516d23) [PhysX] Initialized MultithreadedTaskDispatcher with 10 workers.
 -> (artifact id: 'df0423cb704d1713e01ac441853c88bd') in 0.006076 seconds
Number of updated asset objects reloaded before import = 0
Number of asset objects unloaded after import = 1
========================================================================
Received Import Request.
  Time since last request: 0.000078 seconds.
  path: Assets/Game/ErbGameArt/3D Lasers Pack/Textures/Concrete slab_Height.png
  artifactKey: Guid(db368c1c85b12fe48aba6cc9bcd41f43) Importer(2089858483,0ecaa5967403d082aa24f35e1b516d23)
Start importing Assets/Game/ErbGameArt/3D Lasers Pack/Textures/Concrete slab_Height.png using Guid(db368c1c85b12fe48aba6cc9bcd41f43) Importer(2089858483,0ecaa5967403d082aa24f35e1b516d23) [PhysX] Initialized MultithreadedTaskDispatcher with 10 workers.
 -> (artifact id: 'da4cb2d83b78052d739341a10d094644') in 0.008697 seconds
Number of updated asset objects reloaded before import = 0
Number of asset objects unloaded after import = 1
========================================================================
Received Import Request.
  Time since last request: 0.000063 seconds.
  path: Assets/Game/ErbGameArt/3D Lasers Pack/Demo scene lasers/Lightmap-2_comp_light.exr
  artifactKey: Guid(234d4b2847e962f41a50dbfd88c37832) Importer(2089858483,0ecaa5967403d082aa24f35e1b516d23)
Start importing Assets/Game/ErbGameArt/3D Lasers Pack/Demo scene lasers/Lightmap-2_comp_light.exr using Guid(234d4b2847e962f41a50dbfd88c37832) Importer(2089858483,0ecaa5967403d082aa24f35e1b516d23) [PhysX] Initialized MultithreadedTaskDispatcher with 10 workers.
 -> (artifact id: '105029d8636901cabc7192792de7992a') in 0.008757 seconds
Number of updated asset objects reloaded before import = 0
Number of asset objects unloaded after import = 1
========================================================================
Received Import Request.
  Time since last request: 0.000077 seconds.
  path: Assets/Game/ErbGameArt/3D Lasers Pack/Textures/Romb3.png
  artifactKey: Guid(3727a5cb4c22e5c45b1c8a876894f10e) Importer(2089858483,0ecaa5967403d082aa24f35e1b516d23)
Start importing Assets/Game/ErbGameArt/3D Lasers Pack/Textures/Romb3.png using Guid(3727a5cb4c22e5c45b1c8a876894f10e) Importer(2089858483,0ecaa5967403d082aa24f35e1b516d23) [PhysX] Initialized MultithreadedTaskDispatcher with 10 workers.
 -> (artifact id: '4741f43dc12f187005eb250098242bd2') in 0.006056 seconds
Number of updated asset objects reloaded before import = 0
Number of asset objects unloaded after import = 1
========================================================================
Received Import Request.
  Time since last request: 0.000093 seconds.
  path: Assets/Game/ErbGameArt/3D Lasers Pack/Materials/Debris2bcg.mat
  artifactKey: Guid(f70cc5513449bfb4cb538cf5118a4189) Importer(2089858483,0ecaa5967403d082aa24f35e1b516d23)
Start importing Assets/Game/ErbGameArt/3D Lasers Pack/Materials/Debris2bcg.mat using Guid(f70cc5513449bfb4cb538cf5118a4189) Importer(2089858483,0ecaa5967403d082aa24f35e1b516d23) [PhysX] Initialized MultithreadedTaskDispatcher with 10 workers.
 -> (artifact id: 'ed036a2dbe05655e52af0320d7f8818f') in 0.003729 seconds
Number of updated asset objects reloaded before import = 0
Number of asset objects unloaded after import = 3
========================================================================
Received Import Request.
  Time since last request: 0.000046 seconds.
  path: Assets/Game/ErbGameArt/3D Lasers Pack/Materials/Point12cg.mat
  artifactKey: Guid(9aaa13d175bcf1c4b8acc4d930ee06ee) Importer(2089858483,0ecaa5967403d082aa24f35e1b516d23)
Start importing Assets/Game/ErbGameArt/3D Lasers Pack/Materials/Point12cg.mat using Guid(9aaa13d175bcf1c4b8acc4d930ee06ee) Importer(2089858483,0ecaa5967403d082aa24f35e1b516d23) [PhysX] Initialized MultithreadedTaskDispatcher with 10 workers.
 -> (artifact id: 'f26afd8d0a2e26d0d5884e4ed951bc95') in 0.004395 seconds
Number of updated asset objects reloaded before import = 0
Number of asset objects unloaded after import = 2
========================================================================
Received Import Request.
  Time since last request: 0.000053 seconds.
  path: Assets/Game/ErbGameArt/3D Lasers Pack/Materials/Point19bcg.mat
  artifactKey: Guid(0711ea139cbfdb04aa3f8bbbb67bca98) Importer(2089858483,0ecaa5967403d082aa24f35e1b516d23)
Start importing Assets/Game/ErbGameArt/3D Lasers Pack/Materials/Point19bcg.mat using Guid(0711ea139cbfdb04aa3f8bbbb67bca98) Importer(2089858483,0ecaa5967403d082aa24f35e1b516d23) [PhysX] Initialized MultithreadedTaskDispatcher with 10 workers.
 -> (artifact id: 'c0d86da62ae8fe8f4468be4748b142f3') in 0.002967 seconds
Number of updated asset objects reloaded before import = 0
Number of asset objects unloaded after import = 2
========================================================================
Received Import Request.
  Time since last request: 0.000104 seconds.
  path: Assets/Game/ErbGameArt/3D Lasers Pack/Textures/Point5.png
  artifactKey: Guid(02b9b18c4238f2345b649081568ea51f) Importer(2089858483,0ecaa5967403d082aa24f35e1b516d23)
Start importing Assets/Game/ErbGameArt/3D Lasers Pack/Textures/Point5.png using Guid(02b9b18c4238f2345b649081568ea51f) Importer(2089858483,0ecaa5967403d082aa24f35e1b516d23) [PhysX] Initialized MultithreadedTaskDispatcher with 10 workers.
 -> (artifact id: '5753a2441184af98e65de3ea31e96a7a') in 0.006011 seconds
Number of updated asset objects reloaded before import = 0
Number of asset objects unloaded after import = 1
========================================================================
Received Import Request.
  Time since last request: 0.000070 seconds.
  path: Assets/Game/ErbGameArt/3D Lasers Pack/Textures/Particles6.png
  artifactKey: Guid(62d3dc998440a2e46b163248e1d43d20) Importer(2089858483,0ecaa5967403d082aa24f35e1b516d23)
Start importing Assets/Game/ErbGameArt/3D Lasers Pack/Textures/Particles6.png using Guid(62d3dc998440a2e46b163248e1d43d20) Importer(2089858483,0ecaa5967403d082aa24f35e1b516d23) [PhysX] Initialized MultithreadedTaskDispatcher with 10 workers.
 -> (artifact id: 'ff7781c5cb55121cab6666b4f24dc721') in 0.007083 seconds
Number of updated asset objects reloaded before import = 0
Number of asset objects unloaded after import = 1
========================================================================
Received Import Request.
  Time since last request: 0.000075 seconds.
  path: Assets/Game/ErbGameArt/3D Lasers Pack/Materials/Circle41cg.mat
  artifactKey: Guid(54a6c1f6ac7494944a32a1d6fd599997) Importer(2089858483,0ecaa5967403d082aa24f35e1b516d23)
Start importing Assets/Game/ErbGameArt/3D Lasers Pack/Materials/Circle41cg.mat using Guid(54a6c1f6ac7494944a32a1d6fd599997) Importer(2089858483,0ecaa5967403d082aa24f35e1b516d23) [PhysX] Initialized MultithreadedTaskDispatcher with 10 workers.
 -> (artifact id: '54987c19874a51bba9666ea05085dc38') in 0.003262 seconds
Number of updated asset objects reloaded before import = 0
Number of asset objects unloaded after import = 3
========================================================================
Received Import Request.
  Time since last request: 0.000104 seconds.
  path: Assets/Game/ErbGameArt/3D Lasers Pack/Demo scene lasers/Lightmap-0_comp_dir.png
  artifactKey: Guid(b2056a11b9fa85f4ea1defc8cfe74691) Importer(2089858483,0ecaa5967403d082aa24f35e1b516d23)
Start importing Assets/Game/ErbGameArt/3D Lasers Pack/Demo scene lasers/Lightmap-0_comp_dir.png using Guid(b2056a11b9fa85f4ea1defc8cfe74691) Importer(2089858483,0ecaa5967403d082aa24f35e1b516d23) [PhysX] Initialized MultithreadedTaskDispatcher with 10 workers.
 -> (artifact id: '1456b03be09225a52ef0fa53d8a1f51a') in 0.008246 seconds
Number of updated asset objects reloaded before import = 0
Number of asset objects unloaded after import = 1
========================================================================
Received Import Request.
  Time since last request: 0.000053 seconds.
  path: Assets/Game/ErbGameArt/3D Lasers Pack/Textures/Fire3.png
  artifactKey: Guid(b11d12906f2ce394e9f3eb695a5bf37a) Importer(2089858483,0ecaa5967403d082aa24f35e1b516d23)
Start importing Assets/Game/ErbGameArt/3D Lasers Pack/Textures/Fire3.png using Guid(b11d12906f2ce394e9f3eb695a5bf37a) Importer(2089858483,0ecaa5967403d082aa24f35e1b516d23) [PhysX] Initialized MultithreadedTaskDispatcher with 10 workers.
 -> (artifact id: 'da5f8c01dd1246663b4b8b0fc64a1c17') in 0.006446 seconds
Number of updated asset objects reloaded before import = 0
Number of asset objects unloaded after import = 1
========================================================================
Received Import Request.
  Time since last request: 0.000077 seconds.
  path: Assets/Game/ErbGameArt/3D Lasers Pack/Materials/Fire3bcg.mat
  artifactKey: Guid(e4621b6df0d1a5640b9d48cd87e8f050) Importer(2089858483,0ecaa5967403d082aa24f35e1b516d23)
Start importing Assets/Game/ErbGameArt/3D Lasers Pack/Materials/Fire3bcg.mat using Guid(e4621b6df0d1a5640b9d48cd87e8f050) Importer(2089858483,0ecaa5967403d082aa24f35e1b516d23) [PhysX] Initialized MultithreadedTaskDispatcher with 10 workers.
 -> (artifact id: '267af7145575006993625e308b638bd7') in 0.004364 seconds
Number of updated asset objects reloaded before import = 0
Number of asset objects unloaded after import = 3
========================================================================
Received Import Request.
  Time since last request: 0.160595 seconds.
  path: Assets/LucirgoSoft/LCRG Skyboxes/Nigth/Materials/LS SkyBox Nigth 01.mat
  artifactKey: Guid(3f7c6d4680ca8cc43a630de5776aebdb) Importer(2089858483,0ecaa5967403d082aa24f35e1b516d23)
Start importing Assets/LucirgoSoft/LCRG Skyboxes/Nigth/Materials/LS SkyBox Nigth 01.mat using Guid(3f7c6d4680ca8cc43a630de5776aebdb) Importer(2089858483,0ecaa5967403d082aa24f35e1b516d23) [PhysX] Initialized MultithreadedTaskDispatcher with 10 workers.
 -> (artifact id: '9ae6cc5b50b076cf2efa45c80236c01c') in 0.010550 seconds
Number of updated asset objects reloaded before import = 0
Number of asset objects unloaded after import = 7
========================================================================
Received Import Request.
  Time since last request: 0.000040 seconds.
  path: Assets/LucirgoSoft/LCRG Skyboxes/Nigth/Textures/LS nigth 02_out_0.png
  artifactKey: Guid(b03790f3168051047969b3b71c9f7456) Importer(2089858483,0ecaa5967403d082aa24f35e1b516d23)
Start importing Assets/LucirgoSoft/LCRG Skyboxes/Nigth/Textures/LS nigth 02_out_0.png using Guid(b03790f3168051047969b3b71c9f7456) Importer(2089858483,0ecaa5967403d082aa24f35e1b516d23) [PhysX] Initialized MultithreadedTaskDispatcher with 10 workers.
 -> (artifact id: '2aff4e1fcee69374b3eced9437658b49') in 0.008627 seconds
Number of updated asset objects reloaded before import = 0
Number of asset objects unloaded after import = 1
========================================================================
Received Import Request.
  Time since last request: 0.000136 seconds.
  path: Assets/LucirgoSoft/LCRG Skyboxes/Nigth/Prev scenes/LS SkyBox Nigth 01.unity
  artifactKey: Guid(43591f1920a938a41b432f5032208515) Importer(2089858483,0ecaa5967403d082aa24f35e1b516d23)
Start importing Assets/LucirgoSoft/LCRG Skyboxes/Nigth/Prev scenes/LS SkyBox Nigth 01.unity using Guid(43591f1920a938a41b432f5032208515) Importer(2089858483,0ecaa5967403d082aa24f35e1b516d23) [PhysX] Initialized MultithreadedTaskDispatcher with 10 workers.
 -> (artifact id: '93edbe7db7539af55088f8ead6423e50') in 0.001590 seconds
Number of updated asset objects reloaded before import = 0
Number of asset objects unloaded after import = 1
========================================================================
Received Import Request.
  Time since last request: 0.000070 seconds.
  path: Assets/LucirgoSoft/LCRG Skyboxes/Nigth/Textures/LS nigth 02_out_3.png
  artifactKey: Guid(5981a06dab3771642be214cfebdb6b73) Importer(2089858483,0ecaa5967403d082aa24f35e1b516d23)
Start importing Assets/LucirgoSoft/LCRG Skyboxes/Nigth/Textures/LS nigth 02_out_3.png using Guid(5981a06dab3771642be214cfebdb6b73) Importer(2089858483,0ecaa5967403d082aa24f35e1b516d23) [PhysX] Initialized MultithreadedTaskDispatcher with 10 workers.
 -> (artifact id: '867fa999da38f0dbfe9007fab004637d') in 0.006764 seconds
Number of updated asset objects reloaded before import = 0
Number of asset objects unloaded after import = 1
========================================================================
Received Import Request.
  Time since last request: 0.000065 seconds.
  path: Assets/LucirgoSoft/LCRG Skyboxes/Nigth/Prev scenes/prefabs/Main Camera.prefab
  artifactKey: Guid(6a800fd40da59f6409203d57983d6073) Importer(2089858483,0ecaa5967403d082aa24f35e1b516d23)
Start importing Assets/LucirgoSoft/LCRG Skyboxes/Nigth/Prev scenes/prefabs/Main Camera.prefab using Guid(6a800fd40da59f6409203d57983d6073) Importer(2089858483,0ecaa5967403d082aa24f35e1b516d23) [PhysX] Initialized MultithreadedTaskDispatcher with 10 workers.
 -> (artifact id: 'd92dff95fcd35cedb2d038fd2d8062b9') in 0.012065 seconds
Number of updated asset objects reloaded before import = 0
Number of asset objects unloaded after import = 13
========================================================================
Received Import Request.
  Time since last request: 0.000032 seconds.
  path: Assets/LucirgoSoft/LCRG Skyboxes/Nigth/Textures/LS nigth 03_out_4.png
  artifactKey: Guid(1a3c6746475e7a04cb8e9884c1611ed4) Importer(2089858483,0ecaa5967403d082aa24f35e1b516d23)
Start importing Assets/LucirgoSoft/LCRG Skyboxes/Nigth/Textures/LS nigth 03_out_4.png using Guid(1a3c6746475e7a04cb8e9884c1611ed4) Importer(2089858483,0ecaa5967403d082aa24f35e1b516d23) [PhysX] Initialized MultithreadedTaskDispatcher with 10 workers.
 -> (artifact id: 'f3c62f8dcd4c3cc42ff3a40a1818f5dd') in 0.008080 seconds
Number of updated asset objects reloaded before import = 0
Number of asset objects unloaded after import = 1
========================================================================
Received Import Request.
  Time since last request: 0.000065 seconds.
  path: Assets/LucirgoSoft/LCRG Skyboxes/Nigth/Prev scenes/LS SkyBox Nigth 05.unity
  artifactKey: Guid(2d027330bba4d9247bb7a27c161a3258) Importer(2089858483,0ecaa5967403d082aa24f35e1b516d23)
Start importing Assets/LucirgoSoft/LCRG Skyboxes/Nigth/Prev scenes/LS SkyBox Nigth 05.unity using Guid(2d027330bba4d9247bb7a27c161a3258) Importer(2089858483,0ecaa5967403d082aa24f35e1b516d23) [PhysX] Initialized MultithreadedTaskDispatcher with 10 workers.
 -> (artifact id: 'e1506b66fb744a03db2bfbba82fb7de9') in 0.001362 seconds
Number of updated asset objects reloaded before import = 0
Number of asset objects unloaded after import = 1
========================================================================
Received Import Request.
  Time since last request: 0.000076 seconds.
  path: Assets/LucirgoSoft/LCRG Skyboxes/Nigth/Prev scenes/Animations/Nigth Skybox animation.anim
  artifactKey: Guid(f84f87bad24e6b9409303f6079338ca7) Importer(2089858483,0ecaa5967403d082aa24f35e1b516d23)
Start importing Assets/LucirgoSoft/LCRG Skyboxes/Nigth/Prev scenes/Animations/Nigth Skybox animation.anim using Guid(f84f87bad24e6b9409303f6079338ca7) Importer(2089858483,0ecaa5967403d082aa24f35e1b516d23) [PhysX] Initialized MultithreadedTaskDispatcher with 10 workers.
 -> (artifact id: '7740214f5ad36999a46aade7f59ddd1c') in 0.002645 seconds
Number of updated asset objects reloaded before import = 0
Number of asset objects unloaded after import = 1
========================================================================
Received Import Request.
  Time since last request: 0.000070 seconds.
  path: Assets/LucirgoSoft/LCRG Skyboxes/Nigth/Textures/LS nigth 04_out_4.png
  artifactKey: Guid(b74785283f7034a44811d70fc6b019de) Importer(2089858483,0ecaa5967403d082aa24f35e1b516d23)
Start importing Assets/LucirgoSoft/LCRG Skyboxes/Nigth/Textures/LS nigth 04_out_4.png using Guid(b74785283f7034a44811d70fc6b019de) Importer(2089858483,0ecaa5967403d082aa24f35e1b516d23) [PhysX] Initialized MultithreadedTaskDispatcher with 10 workers.
 -> (artifact id: '00c736953b9bd45571b04c18f92d1573') in 0.007980 seconds
Number of updated asset objects reloaded before import = 0
Number of asset objects unloaded after import = 1
========================================================================
Received Import Request.
  Time since last request: 0.000084 seconds.
  path: Assets/LucirgoSoft/LCRG Skyboxes/Nigth/Textures/LS nigth 01_out_2.png
  artifactKey: Guid(f23ab1b8ff06e23409c3a467088970dc) Importer(2089858483,0ecaa5967403d082aa24f35e1b516d23)
Start importing Assets/LucirgoSoft/LCRG Skyboxes/Nigth/Textures/LS nigth 01_out_2.png using Guid(f23ab1b8ff06e23409c3a467088970dc) Importer(2089858483,0ecaa5967403d082aa24f35e1b516d23) [PhysX] Initialized MultithreadedTaskDispatcher with 10 workers.
 -> (artifact id: 'd6952427e3183f2e7944b07e72313a3e') in 0.005689 seconds
Number of updated asset objects reloaded before import = 0
Number of asset objects unloaded after import = 1
========================================================================
Received Import Request.
  Time since last request: 0.000087 seconds.
  path: Assets/LucirgoSoft/LCRG Skyboxes/Nigth/Materials/LS SkyBox Nigth 03.mat
  artifactKey: Guid(1ebd3db3b2bb91746922100b52363534) Importer(2089858483,0ecaa5967403d082aa24f35e1b516d23)
Start importing Assets/LucirgoSoft/LCRG Skyboxes/Nigth/Materials/LS SkyBox Nigth 03.mat using Guid(1ebd3db3b2bb91746922100b52363534) Importer(2089858483,0ecaa5967403d082aa24f35e1b516d23) [PhysX] Initialized MultithreadedTaskDispatcher with 10 workers.
 -> (artifact id: '30807c85427776928d6049f6599d9678') in 0.007686 seconds
Number of updated asset objects reloaded before import = 0
Number of asset objects unloaded after import = 7
========================================================================
Received Import Request.
  Time since last request: 0.000034 seconds.
  path: Assets/LucirgoSoft/LCRG Skyboxes/Nigth/Prev scenes/LS SkyBox Nigth 03.unity
  artifactKey: Guid(f676a38d9b4e3ac45893fd669af1de56) Importer(2089858483,0ecaa5967403d082aa24f35e1b516d23)
Start importing Assets/LucirgoSoft/LCRG Skyboxes/Nigth/Prev scenes/LS SkyBox Nigth 03.unity using Guid(f676a38d9b4e3ac45893fd669af1de56) Importer(2089858483,0ecaa5967403d082aa24f35e1b516d23) [PhysX] Initialized MultithreadedTaskDispatcher with 10 workers.
 -> (artifact id: 'fc0b47826b434b29f87d08620501ef2a') in 0.001575 seconds
Number of updated asset objects reloaded before import = 0
Number of asset objects unloaded after import = 1
========================================================================
Received Import Request.
  Time since last request: 0.000083 seconds.
  path: Assets/LucirgoSoft/LCRG Skyboxes/Nigth/Textures/LS nigth 01_out_1.png
  artifactKey: Guid(c8a03e5e019542c478fdf91142feccab) Importer(2089858483,0ecaa5967403d082aa24f35e1b516d23)
Start importing Assets/LucirgoSoft/LCRG Skyboxes/Nigth/Textures/LS nigth 01_out_1.png using Guid(c8a03e5e019542c478fdf91142feccab) Importer(2089858483,0ecaa5967403d082aa24f35e1b516d23) [PhysX] Initialized MultithreadedTaskDispatcher with 10 workers.
 -> (artifact id: '35f463ce4115adfd0240b0a667589d3b') in 0.006131 seconds
Number of updated asset objects reloaded before import = 0
Number of asset objects unloaded after import = 1
========================================================================
Received Import Request.
  Time since last request: 0.000071 seconds.
  path: Assets/LucirgoSoft/LCRG Skyboxes/Nigth/Textures/LS nigth 02_out_5.png
  artifactKey: Guid(2dd872f1af98c494993b6207c46807a7) Importer(2089858483,0ecaa5967403d082aa24f35e1b516d23)
Start importing Assets/LucirgoSoft/LCRG Skyboxes/Nigth/Textures/LS nigth 02_out_5.png using Guid(2dd872f1af98c494993b6207c46807a7) Importer(2089858483,0ecaa5967403d082aa24f35e1b516d23) [PhysX] Initialized MultithreadedTaskDispatcher with 10 workers.
 -> (artifact id: '7429cf3101f13c6b99e209a815d2f603') in 0.008109 seconds
Number of updated asset objects reloaded before import = 0
Number of asset objects unloaded after import = 1
========================================================================
Received Import Request.
  Time since last request: 0.000071 seconds.
  path: Assets/LucirgoSoft/LCRG Skyboxes/Nigth/Prev scenes/Animations/Main Camera.controller
  artifactKey: Guid(e32920274ea12f54c9c4cca79e6c630f) Importer(2089858483,0ecaa5967403d082aa24f35e1b516d23)
Start importing Assets/LucirgoSoft/LCRG Skyboxes/Nigth/Prev scenes/Animations/Main Camera.controller using Guid(e32920274ea12f54c9c4cca79e6c630f) Importer(2089858483,0ecaa5967403d082aa24f35e1b516d23) [PhysX] Initialized MultithreadedTaskDispatcher with 10 workers.
 -> (artifact id: '8bf05ad020593707fe61480cf856baa7') in 0.001911 seconds
Number of updated asset objects reloaded before import = 0
Number of asset objects unloaded after import = 4
========================================================================
Received Import Request.
  Time since last request: 0.000087 seconds.
  path: Assets/LucirgoSoft/LCRG Skyboxes/Nigth/Materials/LS SkyBox Nigth 05.mat
  artifactKey: Guid(7ad64b6ed4f8e47479b8be21b3bd7730) Importer(2089858483,0ecaa5967403d082aa24f35e1b516d23)
Start importing Assets/LucirgoSoft/LCRG Skyboxes/Nigth/Materials/LS SkyBox Nigth 05.mat using Guid(7ad64b6ed4f8e47479b8be21b3bd7730) Importer(2089858483,0ecaa5967403d082aa24f35e1b516d23) [PhysX] Initialized MultithreadedTaskDispatcher with 10 workers.
 -> (artifact id: '15d06439113315f5675930e93df115cc') in 0.005682 seconds
Number of updated asset objects reloaded before import = 0
Number of asset objects unloaded after import = 7
========================================================================
Received Import Request.
  Time since last request: 0.000032 seconds.
  path: Assets/LucirgoSoft/LCRG Skyboxes/Nigth/Textures/LS nigth 03_out_1.png
  artifactKey: Guid(29e280a83dc1a534ca00827e4c6bef16) Importer(2089858483,0ecaa5967403d082aa24f35e1b516d23)
Start importing Assets/LucirgoSoft/LCRG Skyboxes/Nigth/Textures/LS nigth 03_out_1.png using Guid(29e280a83dc1a534ca00827e4c6bef16) Importer(2089858483,0ecaa5967403d082aa24f35e1b516d23) [PhysX] Initialized MultithreadedTaskDispatcher with 10 workers.
 -> (artifact id: 'b1cc9435c7d928b3cc5ab22a0aeff333') in 0.007658 seconds
Number of updated asset objects reloaded before import = 0
Number of asset objects unloaded after import = 1
========================================================================
Received Import Request.
  Time since last request: 0.000060 seconds.
  path: Assets/LucirgoSoft/LCRG Skyboxes/Nigth/Textures/LS nigth 02_out_2.png
  artifactKey: Guid(81ca721b8e3290a478486533af29129f) Importer(2089858483,0ecaa5967403d082aa24f35e1b516d23)
Start importing Assets/LucirgoSoft/LCRG Skyboxes/Nigth/Textures/LS nigth 02_out_2.png using Guid(81ca721b8e3290a478486533af29129f) Importer(2089858483,0ecaa5967403d082aa24f35e1b516d23) [PhysX] Initialized MultithreadedTaskDispatcher with 10 workers.
 -> (artifact id: '7af7e8738c46cb264c4ba1b273e290a0') in 0.007445 seconds
Number of updated asset objects reloaded before import = 0
Number of asset objects unloaded after import = 1
========================================================================
Received Import Request.
  Time since last request: 0.000088 seconds.
  path: Assets/LucirgoSoft/LCRG Skyboxes/Nigth/Textures/LS nigth 03_out_3.png
  artifactKey: Guid(506143310ec697046bfdab64151353ce) Importer(2089858483,0ecaa5967403d082aa24f35e1b516d23)
Start importing Assets/LucirgoSoft/LCRG Skyboxes/Nigth/Textures/LS nigth 03_out_3.png using Guid(506143310ec697046bfdab64151353ce) Importer(2089858483,0ecaa5967403d082aa24f35e1b516d23) [PhysX] Initialized MultithreadedTaskDispatcher with 10 workers.
 -> (artifact id: 'd48f8ae7eacb3856887d387b9a45b072') in 0.006138 seconds
Number of updated asset objects reloaded before import = 0
Number of asset objects unloaded after import = 1
========================================================================
Received Import Request.
  Time since last request: 0.000073 seconds.
  path: Assets/LucirgoSoft/LCRG Skyboxes/Nigth/Textures/LS nigth 03_out_0.png
  artifactKey: Guid(cd6326de7f3455f4395cc2c29f1b2773) Importer(2089858483,0ecaa5967403d082aa24f35e1b516d23)
Start importing Assets/LucirgoSoft/LCRG Skyboxes/Nigth/Textures/LS nigth 03_out_0.png using Guid(cd6326de7f3455f4395cc2c29f1b2773) Importer(2089858483,0ecaa5967403d082aa24f35e1b516d23) [PhysX] Initialized MultithreadedTaskDispatcher with 10 workers.
 -> (artifact id: '42a1f08e8bdd1aec48a22d263f23f30b') in 0.007435 seconds
Number of updated asset objects reloaded before import = 0
Number of asset objects unloaded after import = 1
========================================================================
Received Import Request.
  Time since last request: 0.000083 seconds.
  path: Assets/LucirgoSoft/LCRG Skyboxes/Nigth/Materials/LS SkyBox Nigth 04.mat
  artifactKey: Guid(09f670150b6789e419c9a5c0cb7d4248) Importer(2089858483,0ecaa5967403d082aa24f35e1b516d23)
Start importing Assets/LucirgoSoft/LCRG Skyboxes/Nigth/Materials/LS SkyBox Nigth 04.mat using Guid(09f670150b6789e419c9a5c0cb7d4248) Importer(2089858483,0ecaa5967403d082aa24f35e1b516d23) [PhysX] Initialized MultithreadedTaskDispatcher with 10 workers.
 -> (artifact id: '45b8e72b886f29f4d8bbfb004105e034') in 0.004400 seconds
Number of updated asset objects reloaded before import = 0
Number of asset objects unloaded after import = 7
========================================================================
Received Import Request.
  Time since last request: 0.000037 seconds.
  path: Assets/LucirgoSoft/LCRG Skyboxes/Nigth/Textures/LS nigth 02_out_1.png
  artifactKey: Guid(0490075ffbb64fb4ea63053dadff1dc3) Importer(2089858483,0ecaa5967403d082aa24f35e1b516d23)
Start importing Assets/LucirgoSoft/LCRG Skyboxes/Nigth/Textures/LS nigth 02_out_1.png using Guid(0490075ffbb64fb4ea63053dadff1dc3) Importer(2089858483,0ecaa5967403d082aa24f35e1b516d23) [PhysX] Initialized MultithreadedTaskDispatcher with 10 workers.
 -> (artifact id: '459e90b753223a95172bd2078ced12c8') in 0.007609 seconds
Number of updated asset objects reloaded before import = 0
Number of asset objects unloaded after import = 1
========================================================================
Received Import Request.
  Time since last request: 0.000074 seconds.
  path: Assets/LucirgoSoft/LCRG Skyboxes/Nigth/Prev scenes/LS SkyBox Nigth 04.unity
  artifactKey: Guid(4eb1fcd8b50cbb247bbbf2253e97db60) Importer(2089858483,0ecaa5967403d082aa24f35e1b516d23)
Start importing Assets/LucirgoSoft/LCRG Skyboxes/Nigth/Prev scenes/LS SkyBox Nigth 04.unity using Guid(4eb1fcd8b50cbb247bbbf2253e97db60) Importer(2089858483,0ecaa5967403d082aa24f35e1b516d23) [PhysX] Initialized MultithreadedTaskDispatcher with 10 workers.
 -> (artifact id: '755cc7de315cddb472d6b434796d2025') in 0.001389 seconds
Number of updated asset objects reloaded before import = 0
Number of asset objects unloaded after import = 1
========================================================================
Received Import Request.
  Time since last request: 0.000124 seconds.
  path: Assets/LucirgoSoft/LCRG Skyboxes/Nigth/Textures/LS nigth 05_out_5.png
  artifactKey: Guid(78a97a2a31712ba43a830bc279b5432a) Importer(2089858483,0ecaa5967403d082aa24f35e1b516d23)
Start importing Assets/LucirgoSoft/LCRG Skyboxes/Nigth/Textures/LS nigth 05_out_5.png using Guid(78a97a2a31712ba43a830bc279b5432a) Importer(2089858483,0ecaa5967403d082aa24f35e1b516d23) [PhysX] Initialized MultithreadedTaskDispatcher with 10 workers.
 -> (artifact id: '4300828cd0aba27c91126e2e878d402f') in 0.005955 seconds
Number of updated asset objects reloaded before import = 0
Number of asset objects unloaded after import = 1
========================================================================
Received Import Request.
  Time since last request: 557.348013 seconds.
  path: Assets/Game/ErbGameArt
  artifactKey: Guid(7c6f6974f5b6ceb4f963263c6e35d42a) Importer(815301076,1909f56bfc062723c751e8b465ee728b)
Start importing Assets/Game/ErbGameArt using Guid(7c6f6974f5b6ceb4f963263c6e35d42a) Importer(815301076,1909f56bfc062723c751e8b465ee728b) [PhysX] Initialized MultithreadedTaskDispatcher with 10 workers.
 -> (artifact id: 'c00c728d43cd3fbf20f4d2020c608fbe') in 0.000914 seconds
Number of updated asset objects reloaded before import = 0
Number of asset objects unloaded after import = 0
========================================================================
Received Import Request.
  Time since last request: 1.141718 seconds.
  path: Assets/Game/ErbGameArt/3D Lasers Pack
  artifactKey: Guid(bf142a722ea48a944860e19f4f962cf6) Importer(815301076,1909f56bfc062723c751e8b465ee728b)
Start importing Assets/Game/ErbGameArt/3D Lasers Pack using Guid(bf142a722ea48a944860e19f4f962cf6) Importer(815301076,1909f56bfc062723c751e8b465ee728b) [PhysX] Initialized MultithreadedTaskDispatcher with 10 workers.
 -> (artifact id: 'b53d84246e0e6d472148cba3a4151992') in 0.000603 seconds
Number of updated asset objects reloaded before import = 0
Number of asset objects unloaded after import = 0
========================================================================
Received Import Request.
  Time since last request: 3.416783 seconds.
  path: Assets/Game/ErbGameArt/3D Lasers Pack/Textures
  artifactKey: Guid(bdbbe8265f2a47246917cd030d0824ab) Importer(815301076,1909f56bfc062723c751e8b465ee728b)
Start importing Assets/Game/ErbGameArt/3D Lasers Pack/Textures using Guid(bdbbe8265f2a47246917cd030d0824ab) Importer(815301076,1909f56bfc062723c751e8b465ee728b) [PhysX] Initialized MultithreadedTaskDispatcher with 10 workers.
 -> (artifact id: '6a1a1b3c486a11bfb990b4a11d912fe7') in 0.000338 seconds
Number of updated asset objects reloaded before import = 0
Number of asset objects unloaded after import = 0
========================================================================
Received Import Request.
  Time since last request: 2.601637 seconds.
  path: Assets/Game/ErbGameArt/3D Lasers Pack/Textures/Concrete slab.png
  artifactKey: Guid(1b13dc101cf2ac7418019fd776161658) Importer(815301076,1909f56bfc062723c751e8b465ee728b)
Start importing Assets/Game/ErbGameArt/3D Lasers Pack/Textures/Concrete slab.png using Guid(1b13dc101cf2ac7418019fd776161658) Importer(815301076,1909f56bfc062723c751e8b465ee728b) [PhysX] Initialized MultithreadedTaskDispatcher with 10 workers.
[PhysX] Initialized MultithreadedTaskDispatcher with 10 workers.
 -> (artifact id: '67b615ef49392ef0d6aa75e109dc4da2') in 0.027935 seconds
Number of updated asset objects reloaded before import = 0
Number of asset objects unloaded after import = 2
========================================================================
Received Import Request.
  Time since last request: 8.674299 seconds.
  path: Assets/Game/ErbGameArt/3D Lasers Pack/Textures/Concrete slab.png
  artifactKey: Guid(1b13dc101cf2ac7418019fd776161658) Importer(815301076,1909f56bfc062723c751e8b465ee728b)
Start importing Assets/Game/ErbGameArt/3D Lasers Pack/Textures/Concrete slab.png using Guid(1b13dc101cf2ac7418019fd776161658) Importer(815301076,1909f56bfc062723c751e8b465ee728b) [PhysX] Initialized MultithreadedTaskDispatcher with 10 workers.
[PhysX] Initialized MultithreadedTaskDispatcher with 10 workers.
 -> (artifact id: 'fd2f56570637dc673102c544e4ccb677') in 0.005247 seconds
Number of updated asset objects reloaded before import = 0
Number of asset objects unloaded after import = 2
========================================================================
Received Import Request.
  Time since last request: 12.939654 seconds.
  path: Assets/Game/ErbGameArt/3D Lasers Pack/Textures/Concrete slab_Normal.png
  artifactKey: Guid(3a0dde7201a17f646865e8deeac56596) Importer(815301076,1909f56bfc062723c751e8b465ee728b)
Start importing Assets/Game/ErbGameArt/3D Lasers Pack/Textures/Concrete slab_Normal.png using Guid(3a0dde7201a17f646865e8deeac56596) Importer(815301076,1909f56bfc062723c751e8b465ee728b) [PhysX] Initialized MultithreadedTaskDispatcher with 10 workers.
[PhysX] Initialized MultithreadedTaskDispatcher with 10 workers.
 -> (artifact id: '3b4f2e501336c30f6466c0910fe4b313') in 0.071180 seconds
Number of updated asset objects reloaded before import = 0
Number of asset objects unloaded after import = 2
========================================================================
Received Import Request.
  Time since last request: 0.525354 seconds.
  path: Assets/Game/ErbGameArt/3D Lasers Pack/Textures/Concrete slab_Height.png
  artifactKey: Guid(db368c1c85b12fe48aba6cc9bcd41f43) Importer(815301076,1909f56bfc062723c751e8b465ee728b)
Start importing Assets/Game/ErbGameArt/3D Lasers Pack/Textures/Concrete slab_Height.png using Guid(db368c1c85b12fe48aba6cc9bcd41f43) Importer(815301076,1909f56bfc062723c751e8b465ee728b) [PhysX] Initialized MultithreadedTaskDispatcher with 10 workers.
[PhysX] Initialized MultithreadedTaskDispatcher with 10 workers.
 -> (artifact id: 'c4bf146f35d30e9e83b4bfaabb51804c') in 0.006144 seconds
Number of updated asset objects reloaded before import = 0
Number of asset objects unloaded after import = 2
========================================================================
Received Import Request.
  Time since last request: 3.542758 seconds.
  path: Assets/Game/ErbGameArt/3D Lasers Pack/Textures/Concrete slab_MetallicSmoothness.png
  artifactKey: Guid(a685c8f461a651a46a2631ea3decafae) Importer(815301076,1909f56bfc062723c751e8b465ee728b)
Start importing Assets/Game/ErbGameArt/3D Lasers Pack/Textures/Concrete slab_MetallicSmoothness.png using Guid(a685c8f461a651a46a2631ea3decafae) Importer(815301076,1909f56bfc062723c751e8b465ee728b) [PhysX] Initialized MultithreadedTaskDispatcher with 10 workers.
[PhysX] Initialized MultithreadedTaskDispatcher with 10 workers.
 -> (artifact id: '5c03ea380a73fd1041c37da2a3c749cb') in 0.006374 seconds
Number of updated asset objects reloaded before import = 0
Number of asset objects unloaded after import = 2
========================================================================
Received Import Request.
  Time since last request: 1.686579 seconds.
  path: Assets/Game/ErbGameArt/3D Lasers Pack/Textures/Circle41.png
  artifactKey: Guid(4e1d7245ae7321c4ba834b915eef99e0) Importer(815301076,1909f56bfc062723c751e8b465ee728b)
Start importing Assets/Game/ErbGameArt/3D Lasers Pack/Textures/Circle41.png using Guid(4e1d7245ae7321c4ba834b915eef99e0) Importer(815301076,1909f56bfc062723c751e8b465ee728b) [PhysX] Initialized MultithreadedTaskDispatcher with 10 workers.
[PhysX] Initialized MultithreadedTaskDispatcher with 10 workers.
 -> (artifact id: 'd5677466352bc918e019875b73f82e6b') in 0.006837 seconds
Number of updated asset objects reloaded before import = 0
Number of asset objects unloaded after import = 2
========================================================================
Received Import Request.
  Time since last request: 14.253371 seconds.
  path: Assets/Game/ErbGameArt/3D Lasers Pack/Textures/Concrete slab_Height.png
  artifactKey: Guid(db368c1c85b12fe48aba6cc9bcd41f43) Importer(815301076,1909f56bfc062723c751e8b465ee728b)
Start importing Assets/Game/ErbGameArt/3D Lasers Pack/Textures/Concrete slab_Height.png using Guid(db368c1c85b12fe48aba6cc9bcd41f43) Importer(815301076,1909f56bfc062723c751e8b465ee728b) [PhysX] Initialized MultithreadedTaskDispatcher with 10 workers.
[PhysX] Initialized MultithreadedTaskDispatcher with 10 workers.
 -> (artifact id: '32fc2d0788d018bd562e02ef7101dc37') in 0.004546 seconds
Number of updated asset objects reloaded before import = 0
Number of asset objects unloaded after import = 2
========================================================================
Received Import Request.
  Time since last request: 5.557236 seconds.
  path: Assets/Game/ErbGameArt/3D Lasers Pack/Textures/Concrete slab_MetallicSmoothness.png
  artifactKey: Guid(a685c8f461a651a46a2631ea3decafae) Importer(815301076,1909f56bfc062723c751e8b465ee728b)
Start importing Assets/Game/ErbGameArt/3D Lasers Pack/Textures/Concrete slab_MetallicSmoothness.png using Guid(a685c8f461a651a46a2631ea3decafae) Importer(815301076,1909f56bfc062723c751e8b465ee728b) [PhysX] Initialized MultithreadedTaskDispatcher with 10 workers.
[PhysX] Initialized MultithreadedTaskDispatcher with 10 workers.
 -> (artifact id: 'bd6b1bbec8df0a57f31dbb2c811a2b31') in 0.004251 seconds
Number of updated asset objects reloaded before import = 0
Number of asset objects unloaded after import = 2
========================================================================
Received Import Request.
  Time since last request: 6.316391 seconds.
  path: Assets/Game/ErbGameArt/3D Lasers Pack/Textures/Concrete slab_Normal.png
  artifactKey: Guid(3a0dde7201a17f646865e8deeac56596) Importer(815301076,1909f56bfc062723c751e8b465ee728b)
Start importing Assets/Game/ErbGameArt/3D Lasers Pack/Textures/Concrete slab_Normal.png using Guid(3a0dde7201a17f646865e8deeac56596) Importer(815301076,1909f56bfc062723c751e8b465ee728b) [PhysX] Initialized MultithreadedTaskDispatcher with 10 workers.
[PhysX] Initialized MultithreadedTaskDispatcher with 10 workers.
 -> (artifact id: '0d91722851e3efb2c333a3c7ee0bf41b') in 0.004491 seconds
Number of updated asset objects reloaded before import = 0
Number of asset objects unloaded after import = 2
========================================================================
Received Import Request.
  Time since last request: 1.618692 seconds.
  path: Assets/Game/ErbGameArt/3D Lasers Pack/Textures/Debris2.png
  artifactKey: Guid(c6fbbfdbb4d88e4458046eec6645c0d8) Importer(815301076,1909f56bfc062723c751e8b465ee728b)
Start importing Assets/Game/ErbGameArt/3D Lasers Pack/Textures/Debris2.png using Guid(c6fbbfdbb4d88e4458046eec6645c0d8) Importer(815301076,1909f56bfc062723c751e8b465ee728b) [PhysX] Initialized MultithreadedTaskDispatcher with 10 workers.
[PhysX] Initialized MultithreadedTaskDispatcher with 10 workers.
 -> (artifact id: 'bf5b79b9c1dc173b9e68ac6c5658ac87') in 0.005574 seconds
Number of updated asset objects reloaded before import = 0
Number of asset objects unloaded after import = 2
========================================================================
Received Import Request.
  Time since last request: 6.759334 seconds.
  path: Assets/Game/ErbGameArt/3D Lasers Pack/Textures/Fire3.png
  artifactKey: Guid(b11d12906f2ce394e9f3eb695a5bf37a) Importer(815301076,1909f56bfc062723c751e8b465ee728b)
Start importing Assets/Game/ErbGameArt/3D Lasers Pack/Textures/Fire3.png using Guid(b11d12906f2ce394e9f3eb695a5bf37a) Importer(815301076,1909f56bfc062723c751e8b465ee728b) [PhysX] Initialized MultithreadedTaskDispatcher with 10 workers.
[PhysX] Initialized MultithreadedTaskDispatcher with 10 workers.
 -> (artifact id: '69a8f7a91ad97cd2006becda352af00e') in 0.005106 seconds
Number of updated asset objects reloaded before import = 0
Number of asset objects unloaded after import = 2
========================================================================
Received Import Request.
  Time since last request: 1.690255 seconds.
  path: Assets/Game/ErbGameArt/3D Lasers Pack/Textures/Flash7.png
  artifactKey: Guid(bec5c7c44540e99458f061f069c981a8) Importer(815301076,1909f56bfc062723c751e8b465ee728b)
Start importing Assets/Game/ErbGameArt/3D Lasers Pack/Textures/Flash7.png using Guid(bec5c7c44540e99458f061f069c981a8) Importer(815301076,1909f56bfc062723c751e8b465ee728b) [PhysX] Initialized MultithreadedTaskDispatcher with 10 workers.
[PhysX] Initialized MultithreadedTaskDispatcher with 10 workers.
 -> (artifact id: '0252bb640f6ed9154ec45f84d062e3d7') in 0.006496 seconds
Number of updated asset objects reloaded before import = 0
Number of asset objects unloaded after import = 2
========================================================================
Received Import Request.
  Time since last request: 0.423666 seconds.
  path: Assets/Game/ErbGameArt/3D Lasers Pack/Textures/HandPaintedLightning2.png
  artifactKey: Guid(e1f5daa4611af4844a03ec5a45012456) Importer(815301076,1909f56bfc062723c751e8b465ee728b)
Start importing Assets/Game/ErbGameArt/3D Lasers Pack/Textures/HandPaintedLightning2.png using Guid(e1f5daa4611af4844a03ec5a45012456) Importer(815301076,1909f56bfc062723c751e8b465ee728b) [PhysX] Initialized MultithreadedTaskDispatcher with 10 workers.
[PhysX] Initialized MultithreadedTaskDispatcher with 10 workers.
 -> (artifact id: '3cbf205d2b45190467466410b5827955') in 0.005508 seconds
Number of updated asset objects reloaded before import = 0
Number of asset objects unloaded after import = 2
========================================================================
Received Import Request.
  Time since last request: 0.551175 seconds.
  path: Assets/Game/ErbGameArt/3D Lasers Pack/Textures/Mask23.png
  artifactKey: Guid(fbf437916e36d824a8cce436ab5d55d2) Importer(815301076,1909f56bfc062723c751e8b465ee728b)
Start importing Assets/Game/ErbGameArt/3D Lasers Pack/Textures/Mask23.png using Guid(fbf437916e36d824a8cce436ab5d55d2) Importer(815301076,1909f56bfc062723c751e8b465ee728b) [PhysX] Initialized MultithreadedTaskDispatcher with 10 workers.
[PhysX] Initialized MultithreadedTaskDispatcher with 10 workers.
 -> (artifact id: 'f68157b5f8f8dffc91ad6f41bfaa6f3a') in 0.005888 seconds
Number of updated asset objects reloaded before import = 0
Number of asset objects unloaded after import = 2
========================================================================
Received Import Request.
  Time since last request: 1.124438 seconds.
  path: Assets/Game/ErbGameArt/3D Lasers Pack/Textures/Snow4.png
  artifactKey: Guid(2dbe75cf06e0c6842b4eae60ddda63ef) Importer(815301076,1909f56bfc062723c751e8b465ee728b)
Start importing Assets/Game/ErbGameArt/3D Lasers Pack/Textures/Snow4.png using Guid(2dbe75cf06e0c6842b4eae60ddda63ef) Importer(815301076,1909f56bfc062723c751e8b465ee728b) [PhysX] Initialized MultithreadedTaskDispatcher with 10 workers.
[PhysX] Initialized MultithreadedTaskDispatcher with 10 workers.
 -> (artifact id: 'b5f1a6451c1cd33d93016836132eb748') in 0.005615 seconds
Number of updated asset objects reloaded before import = 0
Number of asset objects unloaded after import = 2
